{"DOCKING\/SMINA\/VINARDO":{"sid":"1","RMSE":1.7940735771,"RMSE_lower_bound":1.77624379,"RMSE_upper_bound":5.2873422732,"MAE":1.4623076923,"MAE_lower_bound":1.3954585612,"MAE_upper_bound":4.5123545077,"ME":-0.5684615385,"ME_lower_bound":-3.0203270953,"ME_upper_bound":1.865007215,"R2":0.0905278815,"R2_lower_bound":0.0001821731,"R2_upper_bound":0.6320211573,"m":0.1817747033,"m_lower_bound":-1.2260672651,"m_upper_bound":1.6453764837,"kendall_tau":0.2820512821,"kendall_tau_lower_bound":-0.5135135135,"kendall_tau_upper_bound":0.661971831},"MACHINE-LEARNING\/NNET\/DRAGON-descriptors":{"sid":"3","RMSE":1.9702967367,"RMSE_lower_bound":1.1370759975,"RMSE_upper_bound":2.898279955,"MAE":1.4961538462,"MAE_lower_bound":0.8606181759,"MAE_upper_bound":2.3962088858,"ME":0.6146153846,"ME_lower_bound":-0.5866550593,"ME_upper_bound":1.6781641135,"R2":0.1483291895,"R2_lower_bound":0.0004319812,"R2_upper_bound":0.7791968598,"m":0.3795123964,"m_lower_bound":-0.3624784904,"m_upper_bound":1.1200028393,"kendall_tau":0.1794871795,"kendall_tau_lower_bound":-0.4242424242,"kendall_tau_upper_bound":0.7538461538},"ELIE\/GAFF2-ABCG2\/TIP3P\/MD\/MMPBSA":{"sid":"8","RMSE":2.485229701,"RMSE_lower_bound":1.3804656692,"RMSE_upper_bound":3.931053121,"MAE":1.935,"MAE_lower_bound":1.0915145289,"MAE_upper_bound":3.1961259103,"ME":1.93,"ME_lower_bound":0.7979099212,"ME_upper_bound":3.1534184035,"R2":0.396731234,"R2_lower_bound":0.0032520322,"R2_upper_bound":0.8759614589,"m":0.6635253927,"m_lower_bound":-0.0763843344,"m_upper_bound":1.3552281251,"kendall_tau":0.5038314737,"kendall_tau_lower_bound":-0.1666666667,"kendall_tau_upper_bound":0.868852459},"EE\/Openff-2.0\/TIP3P\/MD-EE\/All_data":{"sid":"5","RMSE":2.6202480799,"RMSE_lower_bound":1.8538906402,"RMSE_upper_bound":3.5164039245,"MAE":2.2361538462,"MAE_lower_bound":1.4771233855,"MAE_upper_bound":3.1538369955,"ME":0.7115384615,"ME_lower_bound":-0.8230132734,"ME_upper_bound":2.1001249212,"R2":0.623389716,"R2_lower_bound":0.2644236191,"R2_upper_bound":0.8631352767,"m":1.6893792357,"m_lower_bound":0.9057680336,"m_upper_bound":2.4392751009,"kendall_tau":0.5897435897,"kendall_tau_lower_bound":0.1641791045,"kendall_tau_upper_bound":0.8857142857},"EE\/Openff-2.0\/TIP3P\/MD-EE\/WL_RL.02_L.01":{"sid":"4","RMSE":2.683645626,"RMSE_lower_bound":1.8003652705,"RMSE_upper_bound":3.6884645377,"MAE":2.2323076923,"MAE_lower_bound":1.4199881155,"MAE_upper_bound":3.2263613161,"ME":0.6846153846,"ME_lower_bound":-0.8740081883,"ME_upper_bound":2.088185699,"R2":0.6051702656,"R2_lower_bound":0.2443659591,"R2_upper_bound":0.8616110011,"m":1.6869940578,"m_lower_bound":0.9028306555,"m_upper_bound":2.4504456638,"kendall_tau":0.5641025641,"kendall_tau_lower_bound":0.1428571429,"kendall_tau_upper_bound":0.8630136986},"DDM\/AMOEBA\/BAR":{"sid":"7","RMSE":2.7665390765,"RMSE_lower_bound":1.7504054161,"RMSE_upper_bound":5.1421774636,"MAE":2.0369230769,"MAE_lower_bound":1.3696296125,"MAE_upper_bound":4.2092222497,"ME":-0.7876923077,"ME_lower_bound":-2.8104129704,"ME_upper_bound":1.4097555111,"R2":0.5514112357,"R2_lower_bound":0.081705749,"R2_upper_bound":0.8647297268,"m":1.5973326528,"m_lower_bound":0.5334428597,"m_upper_bound":2.8672120462,"kendall_tau":0.5384615385,"kendall_tau_lower_bound":0.0144927536,"kendall_tau_upper_bound":0.8571428571},"EE\/Openff-2.0\/TIP3P\/MD-EE\/RL_8_only":{"sid":"6","RMSE":2.8679435141,"RMSE_lower_bound":2.0450343611,"RMSE_upper_bound":3.7057168992,"MAE":2.5146153846,"MAE_lower_bound":1.7188412905,"MAE_upper_bound":3.3747462163,"ME":1.3546153846,"ME_lower_bound":-0.164593203,"ME_upper_bound":2.7141611257,"R2":0.6985158939,"R2_lower_bound":0.359534288,"R2_upper_bound":0.8986495591,"m":1.8531458972,"m_lower_bound":1.1432709398,"m_upper_bound":2.5872898462,"kendall_tau":0.6666666667,"kendall_tau_lower_bound":0.3243243243,"kendall_tau_upper_bound":0.9420289855},"EE\/Openff-2.0\/TIP3P\/MD-EE\/WL_RL.02_L.01\/corrected":{"sid":"17","RMSE":3.0128749368,"RMSE_lower_bound":2.1519800207,"RMSE_upper_bound":3.9415403114,"MAE":2.6846153846,"MAE_lower_bound":1.8389859909,"MAE_upper_bound":3.5945368047,"ME":2.1923076923,"ME_lower_bound":0.9452057193,"ME_upper_bound":3.3994228335,"R2":0.5351815293,"R2_lower_bound":0.0692372409,"R2_upper_bound":0.8651223463,"m":1.2712650222,"m_lower_bound":0.3615824309,"m_upper_bound":2.0300700996,"kendall_tau":0.4871794872,"kendall_tau_lower_bound":-0.0857142857,"kendall_tau_upper_bound":0.8591549296},"APR\/OFF1.2.0\/TIP3P\/MD-US\/MBAR":{"sid":"19","RMSE":3.1305563936,"RMSE_lower_bound":1.5668102063,"RMSE_upper_bound":4.9691565547,"MAE":2.245,"MAE_lower_bound":1.2444429992,"MAE_upper_bound":3.8981384227,"ME":1.5033333333,"ME_lower_bound":-0.179447163,"ME_upper_bound":3.300107306,"R2":0.0926116727,"R2_lower_bound":0.0002552091,"R2_upper_bound":0.706503637,"m":0.4653324678,"m_lower_bound":-0.9087973214,"m_upper_bound":1.4408917182,"kendall_tau":0.2121212121,"kendall_tau_lower_bound":-0.4,"kendall_tau_upper_bound":0.7},"vDSSB\/GAFF2\/OPC3\/HREM":{"sid":"2","RMSE":3.6250336868,"RMSE_lower_bound":2.5334088978,"RMSE_upper_bound":5.6784282663,"MAE":3.2515384615,"MAE_lower_bound":2.0167691193,"MAE_upper_bound":5.0476748816,"ME":2.7684615385,"ME_lower_bound":0.7392701086,"ME_upper_bound":4.6928811379,"R2":0.3565440331,"R2_lower_bound":0.0017034498,"R2_upper_bound":0.7796104708,"m":1.0243024148,"m_lower_bound":-0.4698407315,"m_upper_bound":2.1052431084,"kendall_tau":0.3742013362,"kendall_tau_lower_bound":-0.2352941176,"kendall_tau_upper_bound":0.7777777778},"APR\/OFF2.0.0\/TIP3P\/MD-US\/MBAR":{"sid":"20","RMSE":3.8149497594,"RMSE_lower_bound":2.0462493612,"RMSE_upper_bound":5.9281483513,"MAE":2.8941666667,"MAE_lower_bound":1.6637414439,"MAE_upper_bound":4.712870802,"ME":2.7508333333,"ME_lower_bound":1.1539464445,"ME_upper_bound":4.5879971993,"R2":0.1080568852,"R2_lower_bound":0.000325439,"R2_upper_bound":0.7787631265,"m":0.4883971521,"m_lower_bound":-1.0132463349,"m_upper_bound":1.4052591231,"kendall_tau":0.2121212121,"kendall_tau_lower_bound":-0.4333333333,"kendall_tau_upper_bound":0.7419354839},"APR\/GAFF2\/TIP3P\/MD-US\/MBAR":{"sid":"18","RMSE":6.6638208509,"RMSE_lower_bound":5.3401274612,"RMSE_upper_bound":8.0084899627,"MAE":6.1741666667,"MAE_lower_bound":4.5853163951,"MAE_upper_bound":7.7304220146,"ME":6.0958333333,"ME_lower_bound":4.2688427895,"ME_upper_bound":7.7126789193,"R2":0.0827488742,"R2_lower_bound":0.0003155009,"R2_upper_bound":0.6896442564,"m":0.4227017794,"m_lower_bound":-0.9621925513,"m_upper_bound":1.1984744722,"kendall_tau":0.2727272727,"kendall_tau_lower_bound":-0.3571428571,"kendall_tau_upper_bound":0.7333333333}}