{"DOCKING\/SMINA\/VINARDO":{"sid":"1","RMSE":1.7940735771,"RMSE_lower_bound":1.7762155544,"RMSE_upper_bound":5.2677180868,"MAE":1.4623076923,"MAE_lower_bound":1.4018603431,"MAE_upper_bound":4.5261571625,"ME":-0.5684615385,"ME_lower_bound":-2.9824939106,"ME_upper_bound":1.8067230055,"R2":0.0905278815,"R2_lower_bound":0.0001716331,"R2_upper_bound":0.6234791497,"m":0.1817747033,"m_lower_bound":-1.2157256518,"m_upper_bound":1.5915467719,"kendall_tau":0.2820512821,"kendall_tau_lower_bound":-0.5211267606,"kendall_tau_upper_bound":0.671641791},"MACHINE-LEARNING\/NNET\/DRAGON-descriptors":{"sid":"3","RMSE":1.9702967367,"RMSE_lower_bound":1.1422855286,"RMSE_upper_bound":2.915236989,"MAE":1.4961538462,"MAE_lower_bound":0.876670949,"MAE_upper_bound":2.3865913129,"ME":0.6146153846,"ME_lower_bound":-0.5979495289,"ME_upper_bound":1.6746890563,"R2":0.1483291895,"R2_lower_bound":0.0003855419,"R2_upper_bound":0.7766973204,"m":0.3795123964,"m_lower_bound":-0.3519192885,"m_upper_bound":1.1178330357,"kendall_tau":0.1794871795,"kendall_tau_lower_bound":-0.4166666667,"kendall_tau_upper_bound":0.7538461538},"ELIE\/GAFF2-ABCG2\/TIP3P\/MD\/MMPBSA":{"sid":"8","RMSE":2.485229701,"RMSE_lower_bound":1.3725600881,"RMSE_upper_bound":3.9337165047,"MAE":1.935,"MAE_lower_bound":1.1048503173,"MAE_upper_bound":3.2234629885,"ME":1.93,"ME_lower_bound":0.8091102847,"ME_upper_bound":3.1687964121,"R2":0.396731234,"R2_lower_bound":0.0035255237,"R2_upper_bound":0.8805140499,"m":0.6635253927,"m_lower_bound":-0.0794362993,"m_upper_bound":1.3814628288,"kendall_tau":0.5038314737,"kendall_tau_lower_bound":-0.1612903226,"kendall_tau_upper_bound":0.8709677419},"EE\/Openff-2.0\/TIP3P\/MD-EE\/All_data":{"sid":"5","RMSE":2.6202480799,"RMSE_lower_bound":1.8709141931,"RMSE_upper_bound":3.52307083,"MAE":2.2361538462,"MAE_lower_bound":1.4706093088,"MAE_upper_bound":3.1432860615,"ME":0.7115384615,"ME_lower_bound":-0.8514568814,"ME_upper_bound":2.0848768175,"R2":0.623389716,"R2_lower_bound":0.2598232906,"R2_upper_bound":0.8651793921,"m":1.6893792357,"m_lower_bound":0.9036331964,"m_upper_bound":2.4423268599,"kendall_tau":0.5897435897,"kendall_tau_lower_bound":0.1666666667,"kendall_tau_upper_bound":0.8873239437},"EE\/Openff-2.0\/TIP3P\/MD-EE\/WL_RL.02_L.01":{"sid":"4","RMSE":2.683645626,"RMSE_lower_bound":1.7888266668,"RMSE_upper_bound":3.7088459705,"MAE":2.2323076923,"MAE_lower_bound":1.4151033792,"MAE_upper_bound":3.2318465735,"ME":0.6846153846,"ME_lower_bound":-0.9133319589,"ME_upper_bound":2.0494375207,"R2":0.6051702656,"R2_lower_bound":0.2520930554,"R2_upper_bound":0.8607566794,"m":1.6869940578,"m_lower_bound":0.9100753456,"m_upper_bound":2.4561756733,"kendall_tau":0.5641025641,"kendall_tau_lower_bound":0.1506849315,"kendall_tau_upper_bound":0.8823529412},"DDM\/AMOEBA\/BAR":{"sid":"7","RMSE":2.7665390765,"RMSE_lower_bound":1.7608714728,"RMSE_upper_bound":5.0768977523,"MAE":2.0369230769,"MAE_lower_bound":1.3648657919,"MAE_upper_bound":4.18827854,"ME":-0.7876923077,"ME_lower_bound":-2.8137218653,"ME_upper_bound":1.3170793851,"R2":0.5514112357,"R2_lower_bound":0.0782142461,"R2_upper_bound":0.859874034,"m":1.5973326528,"m_lower_bound":0.5484212326,"m_upper_bound":2.857824634,"kendall_tau":0.5384615385,"kendall_tau_lower_bound":0.027027027,"kendall_tau_upper_bound":0.8550724638},"EE\/Openff-2.0\/TIP3P\/MD-EE\/RL_8_only":{"sid":"6","RMSE":2.8679435141,"RMSE_lower_bound":2.0570008643,"RMSE_upper_bound":3.7402955595,"MAE":2.5146153846,"MAE_lower_bound":1.7170015282,"MAE_upper_bound":3.3915562472,"ME":1.3546153846,"ME_lower_bound":-0.1252020982,"ME_upper_bound":2.7181263393,"R2":0.6985158939,"R2_lower_bound":0.3562576584,"R2_upper_bound":0.8990614672,"m":1.8531458972,"m_lower_bound":1.1541773473,"m_upper_bound":2.5867554268,"kendall_tau":0.6666666667,"kendall_tau_lower_bound":0.323943662,"kendall_tau_upper_bound":0.9411764706},"EE\/Openff-2.0\/TIP3P\/MD-EE\/WL_RL.02_L.01\/corrected":{"sid":"17","RMSE":3.0128749368,"RMSE_lower_bound":2.1510067692,"RMSE_upper_bound":3.9351769291,"MAE":2.6846153846,"MAE_lower_bound":1.8235878726,"MAE_upper_bound":3.5817142713,"ME":2.1923076923,"ME_lower_bound":0.9388996231,"ME_upper_bound":3.3936186832,"R2":0.5351815293,"R2_lower_bound":0.0599467321,"R2_upper_bound":0.8670296713,"m":1.2712650222,"m_lower_bound":0.3667229689,"m_upper_bound":2.0416727808,"kendall_tau":0.4871794872,"kendall_tau_lower_bound":-0.0933333333,"kendall_tau_upper_bound":0.8571428571},"APR\/OFF1.2.0\/TIP3P\/MD-US\/MBAR":{"sid":"19","RMSE":3.1305563936,"RMSE_lower_bound":1.6206931003,"RMSE_upper_bound":4.9525524147,"MAE":2.245,"MAE_lower_bound":1.2822703561,"MAE_upper_bound":3.8642429821,"ME":1.5033333333,"ME_lower_bound":-0.1459051281,"ME_upper_bound":3.3692563366,"R2":0.0926116727,"R2_lower_bound":0.0002955728,"R2_upper_bound":0.7058290702,"m":0.4653324678,"m_lower_bound":-0.9077110366,"m_upper_bound":1.4363782026,"kendall_tau":0.2121212121,"kendall_tau_lower_bound":-0.4,"kendall_tau_upper_bound":0.7},"vDSSB\/GAFF2\/OPC3\/HREM":{"sid":"2","RMSE":3.6250336868,"RMSE_lower_bound":2.5208801549,"RMSE_upper_bound":5.7580911497,"MAE":3.2515384615,"MAE_lower_bound":2.0087147532,"MAE_upper_bound":5.0992702445,"ME":2.7684615385,"ME_lower_bound":0.8038979344,"ME_upper_bound":4.7423021133,"R2":0.3565440331,"R2_lower_bound":0.0017071848,"R2_upper_bound":0.7715694032,"m":1.0243024148,"m_lower_bound":-0.4911659781,"m_upper_bound":2.0457843717,"kendall_tau":0.3742013362,"kendall_tau_lower_bound":-0.2533333333,"kendall_tau_upper_bound":0.7777777778},"APR\/OFF2.0.0\/TIP3P\/MD-US\/MBAR":{"sid":"20","RMSE":3.8149497594,"RMSE_lower_bound":2.015251843,"RMSE_upper_bound":5.9133612075,"MAE":2.8941666667,"MAE_lower_bound":1.6106059198,"MAE_upper_bound":4.6827097105,"ME":2.7508333333,"ME_lower_bound":1.1139101357,"ME_upper_bound":4.5648083248,"R2":0.1080568852,"R2_lower_bound":0.0002453489,"R2_upper_bound":0.7787518213,"m":0.4883971521,"m_lower_bound":-1.0402600023,"m_upper_bound":1.4039500164,"kendall_tau":0.2121212121,"kendall_tau_lower_bound":-0.4237288136,"kendall_tau_upper_bound":0.7419354839},"APR\/GAFF2\/TIP3P\/MD-US\/MBAR":{"sid":"18","RMSE":6.6638208509,"RMSE_lower_bound":5.3562839434,"RMSE_upper_bound":8.0253845166,"MAE":6.1741666667,"MAE_lower_bound":4.5792873636,"MAE_upper_bound":7.7133513287,"ME":6.0958333333,"ME_lower_bound":4.3179776877,"ME_upper_bound":7.6993308189,"R2":0.0827488742,"R2_lower_bound":0.0003079365,"R2_upper_bound":0.6862480788,"m":0.4227017794,"m_lower_bound":-0.9160429546,"m_upper_bound":1.1922452984,"kendall_tau":0.2727272727,"kendall_tau_lower_bound":-0.3571428571,"kendall_tau_upper_bound":0.737704918}}