{"ATM\/FFENGINE\/TIP3P\/HREM":{"sid":"14","RMSE":1.4884219832,"RMSE_lower_bound":0.690831156,"RMSE_upper_bound":4.3488129737,"MAE":1.384,"MAE_lower_bound":0.5357926048,"MAE_upper_bound":3.9572191053,"ME":-0.056,"ME_lower_bound":-2.8069892126,"ME_upper_bound":2.6780976975,"R2":0.482360914,"R2_lower_bound":0.0017636238,"R2_upper_bound":1.0,"m":2.9092143416,"m_lower_bound":-6.0959977882,"m_upper_bound":12.9839845411,"kendall_tau":0.6,"kendall_tau_lower_bound":-1.0,"kendall_tau_upper_bound":1.0},"DDM\/FEP\/MBAR\/ParamChem":{"sid":"16","RMSE":2.8508805657,"RMSE_lower_bound":1.8575252354,"RMSE_upper_bound":3.6038784663,"MAE":2.664,"MAE_lower_bound":1.804,"MAE_upper_bound":3.53,"ME":2.664,"ME_lower_bound":1.804,"ME_upper_bound":3.53,"R2":0.0013633247,"R2_lower_bound":0.000311988,"R2_upper_bound":1.0,"m":0.0833525107,"m_lower_bound":-2.8799111718,"m_upper_bound":4.2634898388,"kendall_tau":-0.2,"kendall_tau_lower_bound":-1.0,"kendall_tau_upper_bound":1.0},"DD\/GROMOS-53A6_glyc\/SPC\/MD":{"sid":"11","RMSE":4.2112587192,"RMSE_lower_bound":2.6920900796,"RMSE_upper_bound":5.7728763045,"MAE":3.834,"MAE_lower_bound":2.1184394502,"MAE_upper_bound":5.6410272007,"ME":-3.662,"ME_lower_bound":-5.6214437869,"ME_upper_bound":-1.3299326393,"R2":0.2779993272,"R2_lower_bound":0.0080452835,"R2_upper_bound":1.0,"m":-2.3134809224,"m_lower_bound":-9.8372235423,"m_upper_bound":5.7250030777,"kendall_tau":0.1054092553,"kendall_tau_lower_bound":-1.0,"kendall_tau_upper_bound":1.0},"PMF\/GAFF-RESP\/TIP4PEW\/SMD":{"sid":"10","RMSE":24.6319978889,"RMSE_lower_bound":19.3463379518,"RMSE_upper_bound":29.7363010323,"MAE":23.988,"MAE_lower_bound":19.2692464348,"MAE_upper_bound":29.2232170423,"ME":23.988,"ME_lower_bound":19.2692464348,"ME_upper_bound":29.2232170423,"R2":0.0043885399,"R2_lower_bound":0.0001399985,"R2_upper_bound":1.0,"m":0.8910572099,"m_lower_bound":-22.9812051658,"m_upper_bound":21.3148175429,"kendall_tau":0.0,"kendall_tau_lower_bound":-1.0,"kendall_tau_upper_bound":1.0}}