ID,sid,RMSE,RMSE_lower_bound,RMSE_upper_bound,MAE,MAE_lower_bound,MAE_upper_bound,ME,ME_lower_bound,ME_upper_bound,R2,R2_lower_bound,R2_upper_bound,m,m_lower_bound,m_upper_bound,kendall_tau,kendall_tau_lower_bound,kendall_tau_upper_bound
ATM/FFENGINE/TIP3P/HREM,14,1.4884219831754701,0.6761090725285411,4.349523919466394,1.384,0.5590264876801481,3.981183959114925,-0.05599999999999987,-2.771809790706338,2.653636169091949,0.4823609139826004,0.001697039896793211,1.0,2.9092143416026137,-6.146711790720306,12.723230714875132,0.6,-1.0,1.0
DDM/FEP/MBAR/ParamChem,16,2.8508805657200025,1.8575252353602087,3.603878466319307,2.664,1.8039999999999998,3.53,2.664,1.8039999999999998,3.53,0.0013633246649698567,0.00031198796991984497,1.0,0.08335251070097076,-2.8544740760795966,4.263489838822706,-0.19999999999999998,-1.0,1.0
DD/GROMOS-53A6_glyc/SPC/MD,11,4.211258719195485,2.6957915403762867,5.730239010969074,3.8339999999999996,2.118549050137939,5.618093917575191,-3.662,-5.596829810611146,-1.3007202797494108,0.27799932718660686,0.010258459378163366,1.0,-2.313480922354673,-9.87485174343111,5.749016080773972,0.10540925533894598,-1.0,1.0
PMF/GAFF-RESP/TIP4PEW/SMD,10,24.631997888924886,19.377076961087223,29.754295188416506,23.988,19.30981391450722,29.26891815968552,23.988,19.30981391450722,29.26891815968552,0.00438853989404735,0.00014931147957593683,1.0,0.891057209923133,-22.562348126627317,20.685345148543558,0.0,-1.0,1.0
