ID,sid,RMSE,RMSE_lower_bound,RMSE_upper_bound,MAE,MAE_lower_bound,MAE_upper_bound,ME,ME_lower_bound,ME_upper_bound,R2,R2_lower_bound,R2_upper_bound,m,m_lower_bound,m_upper_bound,kendall_tau,kendall_tau_lower_bound,kendall_tau_upper_bound
ATM/FFENGINE/TIP3P/HREM,14,1.4884219831754701,0.6908311559823023,4.348812973677988,1.384,0.5357926047612149,3.9572191053430523,-0.05599999999999987,-2.8069892125987836,2.678097697491114,0.4823609139826004,0.0017636237617536924,1.0,2.9092143416026137,-6.095997788163107,12.983984541057643,0.6,-1.0,1.0
DDM/FEP/MBAR/ParamChem,16,2.8508805657200025,1.8575252353602087,3.603878466319307,2.664,1.8039999999999998,3.53,2.664,1.8039999999999998,3.53,0.0013633246649698567,0.00031198796991984486,1.0,0.08335251070097076,-2.8799111718483053,4.263489838822706,-0.19999999999999998,-1.0,1.0
DD/GROMOS-53A6_glyc/SPC/MD,11,4.211258719195485,2.6920900795748524,5.7728763045187605,3.8339999999999996,2.1184394501920774,5.641027200651202,-3.662,-5.621443786923025,-1.329932639309845,0.27799932718660686,0.008045283499924253,1.0,-2.313480922354673,-9.837223542295124,5.725003077714661,0.10540925533894598,-1.0,1.0
PMF/GAFF-RESP/TIP4PEW/SMD,10,24.631997888924886,19.346337951767968,29.736301032326626,23.988,19.269246434804664,29.22321704230157,23.988,19.269246434804664,29.22321704230157,0.00438853989404735,0.00013999845091602014,1.0,0.891057209923133,-22.981205165817673,21.31481754292292,0.0,-1.0,1.0
