{"ATM\/FFENGINE\/TIP3P\/HREM":{"sid":"14","RMSE":1.4884219832,"RMSE_lower_bound":0.6761090725,"RMSE_upper_bound":4.3495239195,"MAE":1.384,"MAE_lower_bound":0.5590264877,"MAE_upper_bound":3.9811839591,"ME":-0.056,"ME_lower_bound":-2.7718097907,"ME_upper_bound":2.6536361691,"R2":0.482360914,"R2_lower_bound":0.0016970399,"R2_upper_bound":1.0,"m":2.9092143416,"m_lower_bound":-6.1467117907,"m_upper_bound":12.7232307149,"kendall_tau":0.6,"kendall_tau_lower_bound":-1.0,"kendall_tau_upper_bound":1.0},"DDM\/FEP\/MBAR\/ParamChem":{"sid":"16","RMSE":2.8508805657,"RMSE_lower_bound":1.8575252354,"RMSE_upper_bound":3.6038784663,"MAE":2.664,"MAE_lower_bound":1.804,"MAE_upper_bound":3.53,"ME":2.664,"ME_lower_bound":1.804,"ME_upper_bound":3.53,"R2":0.0013633247,"R2_lower_bound":0.000311988,"R2_upper_bound":1.0,"m":0.0833525107,"m_lower_bound":-2.8544740761,"m_upper_bound":4.2634898388,"kendall_tau":-0.2,"kendall_tau_lower_bound":-1.0,"kendall_tau_upper_bound":1.0},"DD\/GROMOS-53A6_glyc\/SPC\/MD":{"sid":"11","RMSE":4.2112587192,"RMSE_lower_bound":2.6957915404,"RMSE_upper_bound":5.730239011,"MAE":3.834,"MAE_lower_bound":2.1185490501,"MAE_upper_bound":5.6180939176,"ME":-3.662,"ME_lower_bound":-5.5968298106,"ME_upper_bound":-1.3007202797,"R2":0.2779993272,"R2_lower_bound":0.0102584594,"R2_upper_bound":1.0,"m":-2.3134809224,"m_lower_bound":-9.8748517434,"m_upper_bound":5.7490160808,"kendall_tau":0.1054092553,"kendall_tau_lower_bound":-1.0,"kendall_tau_upper_bound":1.0},"PMF\/GAFF-RESP\/TIP4PEW\/SMD":{"sid":"10","RMSE":24.6319978889,"RMSE_lower_bound":19.3770769611,"RMSE_upper_bound":29.7542951884,"MAE":23.988,"MAE_lower_bound":19.3098139145,"MAE_upper_bound":29.2689181597,"ME":23.988,"ME_lower_bound":19.3098139145,"ME_upper_bound":29.2689181597,"R2":0.0043885399,"R2_lower_bound":0.0001493115,"R2_upper_bound":1.0,"m":0.8910572099,"m_lower_bound":-22.5623481266,"m_upper_bound":20.6853451485,"kendall_tau":0.0,"kendall_tau_lower_bound":-1.0,"kendall_tau_upper_bound":1.0}}