ID,sid,RMSE,RMSE_lower_bound,RMSE_upper_bound,MAE,MAE_lower_bound,MAE_upper_bound,ME,ME_lower_bound,ME_upper_bound,R2,R2_lower_bound,R2_upper_bound,m,m_lower_bound,m_upper_bound,kendall_tau,kendall_tau_lower_bound,kendall_tau_upper_bound
ATM/FFENGINE/TIP3P/HREM,14,2.1651512649235385,0.8452877472134828,5.092374338301234,1.8200000000000003,0.7051225023651737,4.607564930056773,-1.8200000000000003,-4.432246230237331,0.7659013439661466,0.39941998060878303,0.001429065343058117,1.0,1.8719360381526822,-7.699238511812286,21.02602058014305,0.39999999999999997,-1.0,1.0
DDM/FEP/MBAR/ParamChem,16,3.5093133231445717,3.088238980389957,3.97089914251168,3.476,3.0860000000000003,3.944,-3.476,-3.944,-3.0860000000000003,0.33395265672747587,0.001415083659746145,1.0,0.6777711540484627,-0.8461538461538494,6.833333333333309,0.6,0.0,1.0
DD/GROMOS-53A6_glyc/SPC/MD,11,4.028138527905911,2.3226856906406903,5.737544279742865,3.5980000000000003,1.8370798770722612,5.52753877477394,-3.5980000000000003,-5.518662682592582,-1.5033921178987621,0.08008524485270628,0.00041913159162812995,1.0,1.1182803240172514,-31.31539063690001,12.059514283353332,0.10540925533894598,-1.0,1.0
PMF/GAFF-RESP/TIP4PEW/SMD,10,29.65924712463214,23.10302255310349,34.97708263280842,28.778000000000002,22.334795190827368,34.957278545983364,28.778000000000002,22.334795190827368,34.957278545983364,0.2592878655108755,0.0005417880354702069,1.0,-7.378616263982879,-22.334816540460213,75.14655839690046,-0.19999999999999998,-1.0,1.0
