{"ATM\/FFENGINE\/TIP3P\/HREM":{"sid":"14","RMSE":2.1651512649,"RMSE_lower_bound":0.8452877472,"RMSE_upper_bound":5.0923743383,"MAE":1.82,"MAE_lower_bound":0.7051225024,"MAE_upper_bound":4.6075649301,"ME":-1.82,"ME_lower_bound":-4.4322462302,"ME_upper_bound":0.765901344,"R2":0.3994199806,"R2_lower_bound":0.0014290653,"R2_upper_bound":1.0,"m":1.8719360382,"m_lower_bound":-7.6992385118,"m_upper_bound":21.0260205801,"kendall_tau":0.4,"kendall_tau_lower_bound":-1.0,"kendall_tau_upper_bound":1.0},"DDM\/FEP\/MBAR\/ParamChem":{"sid":"16","RMSE":3.5093133231,"RMSE_lower_bound":3.0882389804,"RMSE_upper_bound":3.9708991425,"MAE":3.476,"MAE_lower_bound":3.086,"MAE_upper_bound":3.944,"ME":-3.476,"ME_lower_bound":-3.944,"ME_upper_bound":-3.086,"R2":0.3339526567,"R2_lower_bound":0.0014150837,"R2_upper_bound":1.0,"m":0.677771154,"m_lower_bound":-0.8461538462,"m_upper_bound":6.8333333333,"kendall_tau":0.6,"kendall_tau_lower_bound":0.0,"kendall_tau_upper_bound":1.0},"DD\/GROMOS-53A6_glyc\/SPC\/MD":{"sid":"11","RMSE":4.0281385279,"RMSE_lower_bound":2.3226856906,"RMSE_upper_bound":5.7375442797,"MAE":3.598,"MAE_lower_bound":1.8370798771,"MAE_upper_bound":5.5275387748,"ME":-3.598,"ME_lower_bound":-5.5186626826,"ME_upper_bound":-1.5033921179,"R2":0.0800852449,"R2_lower_bound":0.0004191316,"R2_upper_bound":1.0,"m":1.118280324,"m_lower_bound":-31.3153906369,"m_upper_bound":12.0595142834,"kendall_tau":0.1054092553,"kendall_tau_lower_bound":-1.0,"kendall_tau_upper_bound":1.0},"PMF\/GAFF-RESP\/TIP4PEW\/SMD":{"sid":"10","RMSE":29.6592471246,"RMSE_lower_bound":23.1030225531,"RMSE_upper_bound":34.9770826328,"MAE":28.778,"MAE_lower_bound":22.3347951908,"MAE_upper_bound":34.957278546,"ME":28.778,"ME_lower_bound":22.3347951908,"ME_upper_bound":34.957278546,"R2":0.2592878655,"R2_lower_bound":0.000541788,"R2_upper_bound":1.0,"m":-7.378616264,"m_lower_bound":-22.3348165405,"m_upper_bound":75.1465583969,"kendall_tau":-0.2,"kendall_tau_lower_bound":-1.0,"kendall_tau_upper_bound":1.0}}