{"ATM\/FFENGINE\/TIP3P\/HREM":{"sid":"14","RMSE":2.1651512649,"RMSE_lower_bound":0.8779834809,"RMSE_upper_bound":5.0918612482,"MAE":1.82,"MAE_lower_bound":0.6999730154,"MAE_upper_bound":4.612536556,"ME":-1.82,"ME_lower_bound":-4.4771903791,"ME_upper_bound":0.7332823709,"R2":0.3994199806,"R2_lower_bound":0.0013860988,"R2_upper_bound":1.0,"m":1.8719360382,"m_lower_bound":-7.4536892465,"m_upper_bound":20.1296086922,"kendall_tau":0.4,"kendall_tau_lower_bound":-1.0,"kendall_tau_upper_bound":1.0},"DDM\/FEP\/MBAR\/ParamChem":{"sid":"16","RMSE":3.5093133231,"RMSE_lower_bound":3.0873062692,"RMSE_upper_bound":3.9708991425,"MAE":3.476,"MAE_lower_bound":3.086,"MAE_upper_bound":3.944,"ME":-3.476,"ME_lower_bound":-3.944,"ME_upper_bound":-3.086,"R2":0.3339526567,"R2_lower_bound":0.0014150837,"R2_upper_bound":1.0,"m":0.677771154,"m_lower_bound":-0.9524590164,"m_upper_bound":6.8333333333,"kendall_tau":0.6,"kendall_tau_lower_bound":0.0,"kendall_tau_upper_bound":1.0},"DD\/GROMOS-53A6_glyc\/SPC\/MD":{"sid":"11","RMSE":4.0281385279,"RMSE_lower_bound":2.358191408,"RMSE_upper_bound":5.7028905763,"MAE":3.598,"MAE_lower_bound":1.8457603009,"MAE_upper_bound":5.5017487215,"ME":-3.598,"ME_lower_bound":-5.4885753676,"ME_upper_bound":-1.5079894998,"R2":0.0800852449,"R2_lower_bound":0.0004413525,"R2_upper_bound":1.0,"m":1.118280324,"m_lower_bound":-30.2897253446,"m_upper_bound":11.9553139525,"kendall_tau":0.1054092553,"kendall_tau_lower_bound":-1.0,"kendall_tau_upper_bound":1.0},"PMF\/GAFF-RESP\/TIP4PEW\/SMD":{"sid":"10","RMSE":29.6592471246,"RMSE_lower_bound":23.1196438291,"RMSE_upper_bound":35.0216711568,"MAE":28.778,"MAE_lower_bound":22.3519624043,"MAE_upper_bound":34.9786835234,"ME":28.778,"ME_lower_bound":22.3519624043,"ME_upper_bound":34.9786835234,"R2":0.2592878655,"R2_lower_bound":0.0005803463,"R2_upper_bound":1.0,"m":-7.378616264,"m_lower_bound":-22.2458944124,"m_upper_bound":76.3392437253,"kendall_tau":-0.2,"kendall_tau_lower_bound":-1.0,"kendall_tau_upper_bound":1.0}}