ID,sid,RMSE,RMSE_lower_bound,RMSE_upper_bound,MAE,MAE_lower_bound,MAE_upper_bound,ME,ME_lower_bound,ME_upper_bound,R2,R2_lower_bound,R2_upper_bound,m,m_lower_bound,m_upper_bound,kendall_tau,kendall_tau_lower_bound,kendall_tau_upper_bound
ATM/FFENGINE/TIP3P/HREM,14,2.1651512649235385,0.8779834809268476,5.091861248183231,1.8200000000000003,0.6999730154227627,4.612536555986319,-1.8200000000000003,-4.477190379114173,0.733282370917918,0.39941998060878303,0.0013860987906675532,1.0,1.8719360381526822,-7.453689246465846,20.129608692200105,0.39999999999999997,-1.0,1.0
DDM/FEP/MBAR/ParamChem,16,3.5093133231445717,3.0873062692256497,3.97089914251168,3.476,3.0860000000000003,3.944,-3.476,-3.944,-3.0860000000000003,0.33395265672747587,0.0014150836597461465,1.0,0.6777711540484627,-0.9524590163934363,6.833333333333309,0.6,0.0,1.0
DD/GROMOS-53A6_glyc/SPC/MD,11,4.028138527905911,2.3581914079917823,5.702890576336046,3.5980000000000003,1.8457603009122479,5.501748721533026,-3.5980000000000003,-5.488575367571203,-1.5079894998498795,0.08008524485270628,0.000441352512342205,1.0,1.1182803240172514,-30.289725344594313,11.955313952499136,0.10540925533894598,-1.0,1.0
PMF/GAFF-RESP/TIP4PEW/SMD,10,29.65924712463214,23.119643829142294,35.02167115680287,28.778000000000002,22.351962404262416,34.97868352335182,28.778000000000002,22.351962404262416,34.97868352335182,0.2592878655108755,0.0005803463136086951,1.0,-7.378616263982879,-22.24589441243024,76.33924372527068,-0.19999999999999998,-1.0,1.0
