{"APR\/OFF2.0.0\/TIP3P\/MD-US\/MBAR":{"sid":"23","RMSE":1.0538026381,"RMSE_lower_bound":0.4399657936,"RMSE_upper_bound":2.4647364606,"MAE":0.958,"MAE_lower_bound":0.362911306,"MAE_upper_bound":2.2421072565,"ME":-0.958,"ME_lower_bound":-2.1821704155,"ME_upper_bound":0.2852379583,"R2":0.1045969465,"R2_lower_bound":0.0009077726,"R2_upper_bound":1.0,"m":0.2540157408,"m_lower_bound":-3.9158747758,"m_upper_bound":4.1974273253,"kendall_tau":0.2,"kendall_tau_lower_bound":-1.0,"kendall_tau_upper_bound":1.0},"ATM\/FFENGINE\/TIP3P\/HREM":{"sid":"14","RMSE":1.4884219832,"RMSE_lower_bound":0.6867256533,"RMSE_upper_bound":4.3586159818,"MAE":1.384,"MAE_lower_bound":0.5611020978,"MAE_upper_bound":3.9653804936,"ME":-0.056,"ME_lower_bound":-2.7058938121,"ME_upper_bound":2.5784709675,"R2":0.482360914,"R2_lower_bound":0.0018863245,"R2_upper_bound":1.0,"m":2.9092143416,"m_lower_bound":-5.9403631015,"m_upper_bound":12.5334275259,"kendall_tau":0.6,"kendall_tau_lower_bound":-1.0,"kendall_tau_upper_bound":1.0},"APR\/OFF1.2.0\/TIP3P\/MD-US\/MBAR":{"sid":"22","RMSE":1.6722200812,"RMSE_lower_bound":0.7224209165,"RMSE_upper_bound":3.0994908487,"MAE":1.58,"MAE_lower_bound":0.606225451,"MAE_upper_bound":2.88599905,"ME":-1.58,"ME_lower_bound":-2.8692472623,"ME_upper_bound":-0.2903011561,"R2":0.2646985685,"R2_lower_bound":0.0010433772,"R2_upper_bound":1.0,"m":0.7766603765,"m_lower_bound":-3.3908407306,"m_upper_bound":5.5875526758,"kendall_tau":0.6,"kendall_tau_lower_bound":-1.0,"kendall_tau_upper_bound":1.0},"APR\/GAFF2\/TIP3P\/MD-US\/MBAR":{"sid":"21","RMSE":2.403638908,"RMSE_lower_bound":1.4209885137,"RMSE_upper_bound":3.7460889582,"MAE":2.38,"MAE_lower_bound":1.2333215732,"MAE_upper_bound":3.6019719591,"ME":-2.38,"ME_lower_bound":-3.5951625204,"ME_upper_bound":-1.1936643617,"R2":0.437529991,"R2_lower_bound":0.0010196816,"R2_upper_bound":1.0,"m":0.6338656971,"m_lower_bound":-3.4495323734,"m_upper_bound":4.5512379263,"kendall_tau":0.4,"kendall_tau_lower_bound":-1.0,"kendall_tau_upper_bound":1.0},"DDM\/FEP\/MBAR\/ParamChem":{"sid":"16","RMSE":2.8508805657,"RMSE_lower_bound":1.8575252354,"RMSE_upper_bound":3.6038784663,"MAE":2.664,"MAE_lower_bound":1.804,"MAE_upper_bound":3.53,"ME":2.664,"ME_lower_bound":1.804,"ME_upper_bound":3.53,"R2":0.0013633247,"R2_lower_bound":0.000311988,"R2_upper_bound":1.0,"m":0.0833525107,"m_lower_bound":-2.8799111718,"m_upper_bound":4.2634898388,"kendall_tau":-0.2,"kendall_tau_lower_bound":-1.0,"kendall_tau_upper_bound":1.0},"DD\/GROMOS-53A6_glyc\/SPC\/MD":{"sid":"11","RMSE":4.2112587192,"RMSE_lower_bound":2.6881005963,"RMSE_upper_bound":5.7537570267,"MAE":3.834,"MAE_lower_bound":2.1127963345,"MAE_upper_bound":5.6340518051,"ME":-3.662,"ME_lower_bound":-5.623553277,"ME_upper_bound":-1.3302387062,"R2":0.2779993272,"R2_lower_bound":0.0111229824,"R2_upper_bound":1.0,"m":-2.3134809224,"m_lower_bound":-10.0576444823,"m_upper_bound":5.7614204674,"kendall_tau":0.1054092553,"kendall_tau_lower_bound":-1.0,"kendall_tau_upper_bound":1.0},"MD\/GAFF-RESP\/TIP4PEW\/MM-PBSA":{"sid":"13","RMSE":13.8396105437,"RMSE_lower_bound":12.3329394612,"RMSE_upper_bound":15.4054173215,"MAE":13.794,"MAE_lower_bound":12.2641997043,"MAE_upper_bound":15.3380513314,"ME":13.794,"ME_lower_bound":12.2641997043,"ME_upper_bound":15.3380513314,"R2":0.9306444353,"R2_lower_bound":0.104511909,"R2_upper_bound":1.0,"m":3.5159478989,"m_lower_bound":-0.1270632471,"m_upper_bound":7.8682643031,"kendall_tau":0.8,"kendall_tau_lower_bound":-0.1428571429,"kendall_tau_upper_bound":1.0},"MD\/GAFF-RESP\/TIP4PEW\/MM-GBSA":{"sid":"12","RMSE":17.1752979596,"RMSE_lower_bound":15.5898281247,"RMSE_upper_bound":18.7806557803,"MAE":17.13,"MAE_lower_bound":15.5167726515,"MAE_upper_bound":18.7382111497,"ME":17.13,"ME_lower_bound":15.5167726515,"ME_upper_bound":18.7382111497,"R2":0.7688101543,"R2_lower_bound":0.0240558106,"R2_upper_bound":1.0,"m":3.3563998711,"m_lower_bound":-1.1879513351,"m_upper_bound":8.2655176763,"kendall_tau":0.8,"kendall_tau_lower_bound":-0.5,"kendall_tau_upper_bound":1.0},"MD\/GAFF-RESP\/TIP4PEW\/MM-GBSA_2":{"sid":"15","RMSE":17.1752979596,"RMSE_lower_bound":15.5962205677,"RMSE_upper_bound":18.8188052793,"MAE":17.13,"MAE_lower_bound":15.5317806013,"MAE_upper_bound":18.7689346911,"ME":17.13,"ME_lower_bound":15.5317806013,"ME_upper_bound":18.7689346911,"R2":0.7688101543,"R2_lower_bound":0.0245488265,"R2_upper_bound":1.0,"m":3.3563998711,"m_lower_bound":-1.2305105901,"m_upper_bound":8.2378887216,"kendall_tau":0.8,"kendall_tau_lower_bound":-0.5,"kendall_tau_upper_bound":1.0},"PMF\/GAFF-RESP\/TIP4PEW\/SMD":{"sid":"10","RMSE":24.6319978889,"RMSE_lower_bound":19.3270493726,"RMSE_upper_bound":29.7199092875,"MAE":23.988,"MAE_lower_bound":19.247311001,"MAE_upper_bound":29.3225722874,"ME":23.988,"ME_lower_bound":19.247311001,"ME_upper_bound":29.3225722874,"R2":0.0043885399,"R2_lower_bound":0.0001493786,"R2_upper_bound":1.0,"m":0.8910572099,"m_lower_bound":-22.9002622635,"m_upper_bound":20.9978303251,"kendall_tau":0.0,"kendall_tau_lower_bound":-1.0,"kendall_tau_upper_bound":1.0}}