{"ATM\/FFENGINE\/TIP3P\/HREM":{"sid":"14","RMSE":1.4884219832,"RMSE_lower_bound":0.6906565047,"RMSE_upper_bound":4.3007879611,"MAE":1.384,"MAE_lower_bound":0.5776297902,"MAE_upper_bound":3.9370852489,"ME":-0.056,"ME_lower_bound":-2.6913289584,"ME_upper_bound":2.6815333057,"R2":0.482360914,"R2_lower_bound":0.0020379555,"R2_upper_bound":1.0,"m":2.9092143416,"m_lower_bound":-5.6390089314,"m_upper_bound":12.8667928261,"kendall_tau":0.6,"kendall_tau_lower_bound":-1.0,"kendall_tau_upper_bound":1.0},"DDM\/FEP\/MBAR\/ParamChem":{"sid":"16","RMSE":2.8508805657,"RMSE_lower_bound":1.8575252354,"RMSE_upper_bound":3.6038784663,"MAE":2.664,"MAE_lower_bound":1.804,"MAE_upper_bound":3.53,"ME":2.664,"ME_lower_bound":1.804,"ME_upper_bound":3.53,"R2":0.0013633247,"R2_lower_bound":0.000311988,"R2_upper_bound":1.0,"m":0.0833525107,"m_lower_bound":-2.8799111718,"m_upper_bound":4.2634898388,"kendall_tau":-0.2,"kendall_tau_lower_bound":-1.0,"kendall_tau_upper_bound":1.0},"DD\/GROMOS-53A6_glyc\/SPC\/MD":{"sid":"11","RMSE":4.2112587192,"RMSE_lower_bound":2.6964858244,"RMSE_upper_bound":5.7804713654,"MAE":3.834,"MAE_lower_bound":2.084433669,"MAE_upper_bound":5.6614515474,"ME":-3.662,"ME_lower_bound":-5.6457910482,"ME_upper_bound":-1.2644836905,"R2":0.2779993272,"R2_lower_bound":0.0082850602,"R2_upper_bound":1.0,"m":-2.3134809224,"m_lower_bound":-9.7957197382,"m_upper_bound":5.921830371,"kendall_tau":0.1054092553,"kendall_tau_lower_bound":-1.0,"kendall_tau_upper_bound":1.0},"MD\/GAFF-RESP\/TIP4PEW\/MM-PBSA":{"sid":"13","RMSE":13.8396105437,"RMSE_lower_bound":12.3350964939,"RMSE_upper_bound":15.4441595238,"MAE":13.794,"MAE_lower_bound":12.2745391132,"MAE_upper_bound":15.3613546648,"ME":13.794,"ME_lower_bound":12.2745391132,"ME_upper_bound":15.3613546648,"R2":0.9306444353,"R2_lower_bound":0.0803541416,"R2_upper_bound":1.0,"m":3.5159478989,"m_lower_bound":-0.2012394213,"m_upper_bound":8.1032620917,"kendall_tau":0.8,"kendall_tau_lower_bound":-0.3333333333,"kendall_tau_upper_bound":1.0},"MD\/GAFF-RESP\/TIP4PEW\/MM-GBSA":{"sid":"12","RMSE":17.1752979596,"RMSE_lower_bound":15.5224409244,"RMSE_upper_bound":18.7572280406,"MAE":17.13,"MAE_lower_bound":15.4446781227,"MAE_upper_bound":18.7155951564,"ME":17.13,"ME_lower_bound":15.4446781227,"ME_upper_bound":18.7155951564,"R2":0.7688101543,"R2_lower_bound":0.0243399741,"R2_upper_bound":1.0,"m":3.3563998711,"m_lower_bound":-0.9855433882,"m_upper_bound":8.049833578,"kendall_tau":0.8,"kendall_tau_lower_bound":-0.5,"kendall_tau_upper_bound":1.0},"MD\/GAFF-RESP\/TIP4PEW\/MM-GBSA_2":{"sid":"15","RMSE":17.1752979596,"RMSE_lower_bound":15.565812236,"RMSE_upper_bound":18.7572823615,"MAE":17.13,"MAE_lower_bound":15.4980735525,"MAE_upper_bound":18.7169777163,"ME":17.13,"ME_lower_bound":15.4980735525,"ME_upper_bound":18.7169777163,"R2":0.7688101543,"R2_lower_bound":0.0260877483,"R2_upper_bound":1.0,"m":3.3563998711,"m_lower_bound":-1.1877412988,"m_upper_bound":8.3682619184,"kendall_tau":0.8,"kendall_tau_lower_bound":-0.5,"kendall_tau_upper_bound":1.0},"PMF\/GAFF-RESP\/TIP4PEW\/SMD":{"sid":"10","RMSE":24.6319978889,"RMSE_lower_bound":19.3923254182,"RMSE_upper_bound":29.7334023913,"MAE":23.988,"MAE_lower_bound":19.3138193969,"MAE_upper_bound":29.2732031702,"ME":23.988,"ME_lower_bound":19.3138193969,"ME_upper_bound":29.2732031702,"R2":0.0043885399,"R2_lower_bound":0.0001815609,"R2_upper_bound":1.0,"m":0.8910572099,"m_lower_bound":-22.8715527856,"m_upper_bound":21.3297794723,"kendall_tau":0.0,"kendall_tau_lower_bound":-1.0,"kendall_tau_upper_bound":1.0}}