ID,sid,RMSE,RMSE_lower_bound,RMSE_upper_bound,MAE,MAE_lower_bound,MAE_upper_bound,ME,ME_lower_bound,ME_upper_bound,R2,R2_lower_bound,R2_upper_bound,m,m_lower_bound,m_upper_bound,kendall_tau,kendall_tau_lower_bound,kendall_tau_upper_bound
ATM/FFENGINE/TIP3P/HREM,14,1.4884219831754701,0.6906565047056255,4.300787961064705,1.384,0.5776297901954834,3.937085248911977,-0.05599999999999987,-2.6913289584096085,2.681533305690262,0.4823609139826004,0.0020379555439498064,1.0,2.9092143416026137,-5.639008931389749,12.866792826099864,0.6,-1.0,1.0
DDM/FEP/MBAR/ParamChem,16,2.8508805657200025,1.8575252353602087,3.603878466319307,2.664,1.8039999999999998,3.53,2.664,1.8039999999999998,3.53,0.0013633246649698567,0.0003119879699198447,1.0,0.08335251070097076,-2.8799111718483053,4.263489838822706,-0.19999999999999998,-1.0,1.0
DD/GROMOS-53A6_glyc/SPC/MD,11,4.211258719195485,2.6964858244376804,5.780471365444878,3.8339999999999996,2.0844336690373715,5.661451547431881,-3.662,-5.645791048197662,-1.2644836904598578,0.27799932718660686,0.008285060165275552,1.0,-2.313480922354673,-9.795719738213654,5.921830370989522,0.10540925533894598,-1.0,1.0
MD/GAFF-RESP/TIP4PEW/MM-PBSA,13,13.839610543653317,12.335096493910303,15.44415952379629,13.794,12.274539113244753,15.361354664822883,13.794,12.274539113244753,15.361354664822883,0.9306444352518111,0.08035414157737683,1.0,3.5159478989275996,-0.2012394213429084,8.10326209167148,0.7999999999999999,-0.3333333333333333,1.0
MD/GAFF-RESP/TIP4PEW/MM-GBSA,12,17.175297959569725,15.52244092442551,18.75722804060706,17.130000000000003,15.444678122704882,18.715595156361907,17.130000000000003,15.444678122704882,18.715595156361907,0.7688101543252923,0.024339974055411568,1.0,3.3563998711280876,-0.9855433882370904,8.049833578048153,0.7999999999999999,-0.49999999999999994,1.0
MD/GAFF-RESP/TIP4PEW/MM-GBSA_2,15,17.175297959569725,15.565812235985206,18.757282361549255,17.130000000000003,15.498073552504797,18.716977716287467,17.130000000000003,15.498073552504797,18.716977716287467,0.7688101543252923,0.02608774831630128,1.0,3.3563998711280876,-1.187741298798714,8.368261918385132,0.7999999999999999,-0.49999999999999994,1.0
PMF/GAFF-RESP/TIP4PEW/SMD,10,24.631997888924886,19.392325418191263,29.73340239134014,23.988,19.31381939691066,29.273203170197093,23.988,19.31381939691066,29.273203170197093,0.00438853989404735,0.00018156088953773833,1.0,0.891057209923133,-22.87155278558763,21.32977947234383,0.0,-1.0,1.0
