ID,sid,RMSE,RMSE_lower_bound,RMSE_upper_bound,MAE,MAE_lower_bound,MAE_upper_bound,ME,ME_lower_bound,ME_upper_bound,R2,R2_lower_bound,R2_upper_bound,m,m_lower_bound,m_upper_bound,kendall_tau,kendall_tau_lower_bound,kendall_tau_upper_bound
ATM/FFENGINE/TIP3P/HREM,14,2.1651512649235385,0.8832943415895484,5.04261622080318,1.8200000000000003,0.7177646868634984,4.572594984511331,-1.8200000000000003,-4.414657945805862,0.7341299711400842,0.39941998060878303,0.0010108347387611989,1.0,1.8719360381526822,-7.4541123782721606,21.451596993188875,0.39999999999999997,-1.0,1.0
DDM/FEP/MBAR/ParamChem,16,3.5093133231445717,3.0873062692256497,3.97089914251168,3.476,3.086,3.944,-3.476,-3.944,-3.086,0.33395265672747587,0.0014150836597461465,1.0,0.6777711540484627,-0.9524590163934364,6.833333333333309,0.6,0.0,1.0
DD/GROMOS-53A6_glyc/SPC/MD,11,4.028138527905911,2.3652380336687497,5.720372406841141,3.5980000000000003,1.8686989165551686,5.4964544176930215,-3.5980000000000003,-5.479576169853603,-1.4847484649747862,0.08008524485270628,0.00035351376421073225,1.0,1.1182803240172514,-30.14472290584388,11.810594538685349,0.10540925533894598,-1.0,1.0
MD/GAFF-RESP/TIP4PEW/MM-PBSA,13,16.684490402766276,15.281660345531629,18.212607919759407,16.657999999999998,15.23292794861283,18.156904660425802,16.657999999999998,15.23292794861283,18.156904660425802,0.8467712536585008,0.011531525691693141,1.0,2.6212084020058217,-8.275419865260602,5.9828996738839475,0.31622776601683794,-1.0,1.0
MD/GAFF-RESP/TIP4PEW/MM-GBSA,12,19.677655348135357,18.3273658074225,21.06118544617523,19.663999999999998,18.286725328526153,21.034764393705238,19.663999999999998,18.286725328526153,21.034764393705238,0.5970030525169194,0.006445950168746534,1.0,1.6764736823649067,-1.2508636240298567,13.527844210747398,0.9999999999999999,-0.9999999999999998,1.0
MD/GAFF-RESP/TIP4PEW/MM-GBSA_2,15,19.677655348135357,18.3381609468617,21.06400259908057,19.663999999999998,18.30282312951155,21.037973934332285,19.663999999999998,18.30282312951155,21.037973934332285,0.5970030525169194,0.005382854522368678,1.0,1.6764736823649067,-1.2630664205139461,13.383190560271457,0.9999999999999999,-0.9999999999999998,1.0
PMF/GAFF-RESP/TIP4PEW/SMD,10,29.65924712463214,23.100558999768886,34.99663222789187,28.778000000000002,22.35500341244969,34.975458809069195,28.778000000000002,22.35500341244969,34.975458809069195,0.2592878655108755,0.0004595516795588674,1.0,-7.378616263982879,-21.21800229349864,74.70094181941974,-0.19999999999999998,-1.0,1.0
