{"ATM\/FFENGINE\/TIP3P\/HREM":{"sid":"14","RMSE":2.1651512649,"RMSE_lower_bound":0.8832943416,"RMSE_upper_bound":5.0426162208,"MAE":1.82,"MAE_lower_bound":0.7177646869,"MAE_upper_bound":4.5725949845,"ME":-1.82,"ME_lower_bound":-4.4146579458,"ME_upper_bound":0.7341299711,"R2":0.3994199806,"R2_lower_bound":0.0010108347,"R2_upper_bound":1.0,"m":1.8719360382,"m_lower_bound":-7.4541123783,"m_upper_bound":21.4515969932,"kendall_tau":0.4,"kendall_tau_lower_bound":-1.0,"kendall_tau_upper_bound":1.0},"DDM\/FEP\/MBAR\/ParamChem":{"sid":"16","RMSE":3.5093133231,"RMSE_lower_bound":3.0873062692,"RMSE_upper_bound":3.9708991425,"MAE":3.476,"MAE_lower_bound":3.086,"MAE_upper_bound":3.944,"ME":-3.476,"ME_lower_bound":-3.944,"ME_upper_bound":-3.086,"R2":0.3339526567,"R2_lower_bound":0.0014150837,"R2_upper_bound":1.0,"m":0.677771154,"m_lower_bound":-0.9524590164,"m_upper_bound":6.8333333333,"kendall_tau":0.6,"kendall_tau_lower_bound":0.0,"kendall_tau_upper_bound":1.0},"DD\/GROMOS-53A6_glyc\/SPC\/MD":{"sid":"11","RMSE":4.0281385279,"RMSE_lower_bound":2.3652380337,"RMSE_upper_bound":5.7203724068,"MAE":3.598,"MAE_lower_bound":1.8686989166,"MAE_upper_bound":5.4964544177,"ME":-3.598,"ME_lower_bound":-5.4795761699,"ME_upper_bound":-1.484748465,"R2":0.0800852449,"R2_lower_bound":0.0003535138,"R2_upper_bound":1.0,"m":1.118280324,"m_lower_bound":-30.1447229058,"m_upper_bound":11.8105945387,"kendall_tau":0.1054092553,"kendall_tau_lower_bound":-1.0,"kendall_tau_upper_bound":1.0},"MD\/GAFF-RESP\/TIP4PEW\/MM-PBSA":{"sid":"13","RMSE":16.6844904028,"RMSE_lower_bound":15.2816603455,"RMSE_upper_bound":18.2126079198,"MAE":16.658,"MAE_lower_bound":15.2329279486,"MAE_upper_bound":18.1569046604,"ME":16.658,"ME_lower_bound":15.2329279486,"ME_upper_bound":18.1569046604,"R2":0.8467712537,"R2_lower_bound":0.0115315257,"R2_upper_bound":1.0,"m":2.621208402,"m_lower_bound":-8.2754198653,"m_upper_bound":5.9828996739,"kendall_tau":0.316227766,"kendall_tau_lower_bound":-1.0,"kendall_tau_upper_bound":1.0},"MD\/GAFF-RESP\/TIP4PEW\/MM-GBSA":{"sid":"12","RMSE":19.6776553481,"RMSE_lower_bound":18.3273658074,"RMSE_upper_bound":21.0611854462,"MAE":19.664,"MAE_lower_bound":18.2867253285,"MAE_upper_bound":21.0347643937,"ME":19.664,"ME_lower_bound":18.2867253285,"ME_upper_bound":21.0347643937,"R2":0.5970030525,"R2_lower_bound":0.0064459502,"R2_upper_bound":1.0,"m":1.6764736824,"m_lower_bound":-1.250863624,"m_upper_bound":13.5278442107,"kendall_tau":1.0,"kendall_tau_lower_bound":-1.0,"kendall_tau_upper_bound":1.0},"MD\/GAFF-RESP\/TIP4PEW\/MM-GBSA_2":{"sid":"15","RMSE":19.6776553481,"RMSE_lower_bound":18.3381609469,"RMSE_upper_bound":21.0640025991,"MAE":19.664,"MAE_lower_bound":18.3028231295,"MAE_upper_bound":21.0379739343,"ME":19.664,"ME_lower_bound":18.3028231295,"ME_upper_bound":21.0379739343,"R2":0.5970030525,"R2_lower_bound":0.0053828545,"R2_upper_bound":1.0,"m":1.6764736824,"m_lower_bound":-1.2630664205,"m_upper_bound":13.3831905603,"kendall_tau":1.0,"kendall_tau_lower_bound":-1.0,"kendall_tau_upper_bound":1.0},"PMF\/GAFF-RESP\/TIP4PEW\/SMD":{"sid":"10","RMSE":29.6592471246,"RMSE_lower_bound":23.1005589998,"RMSE_upper_bound":34.9966322279,"MAE":28.778,"MAE_lower_bound":22.3550034124,"MAE_upper_bound":34.9754588091,"ME":28.778,"ME_lower_bound":22.3550034124,"ME_upper_bound":34.9754588091,"R2":0.2592878655,"R2_lower_bound":0.0004595517,"R2_upper_bound":1.0,"m":-7.378616264,"m_lower_bound":-21.2180022935,"m_upper_bound":74.7009418194,"kendall_tau":-0.2,"kendall_tau_lower_bound":-1.0,"kendall_tau_upper_bound":1.0}}