{"ATM\/FFENGINE\/TIP3P\/HREM":{"sid":"14","RMSE":2.1651512649,"RMSE_lower_bound":0.835665319,"RMSE_upper_bound":4.9960711149,"MAE":1.82,"MAE_lower_bound":0.6923059671,"MAE_upper_bound":4.5567379665,"ME":-1.82,"ME_lower_bound":-4.3954131566,"ME_upper_bound":0.7522453999,"R2":0.3994199806,"R2_lower_bound":0.0016547159,"R2_upper_bound":1.0,"m":1.8719360382,"m_lower_bound":-7.5964229831,"m_upper_bound":21.7767259839,"kendall_tau":0.4,"kendall_tau_lower_bound":-1.0,"kendall_tau_upper_bound":1.0},"DDM\/FEP\/MBAR\/ParamChem":{"sid":"16","RMSE":3.5093133231,"RMSE_lower_bound":3.0873062692,"RMSE_upper_bound":3.9708991425,"MAE":3.476,"MAE_lower_bound":3.086,"MAE_upper_bound":3.944,"ME":-3.476,"ME_lower_bound":-3.944,"ME_upper_bound":-3.086,"R2":0.3339526567,"R2_lower_bound":0.0116862674,"R2_upper_bound":1.0,"m":0.677771154,"m_lower_bound":-0.8461538462,"m_upper_bound":6.8333333333,"kendall_tau":0.6,"kendall_tau_lower_bound":0.0,"kendall_tau_upper_bound":1.0},"DD\/GROMOS-53A6_glyc\/SPC\/MD":{"sid":"11","RMSE":4.0281385279,"RMSE_lower_bound":2.3993703843,"RMSE_upper_bound":5.6791592804,"MAE":3.598,"MAE_lower_bound":1.8782217889,"MAE_upper_bound":5.4890333576,"ME":-3.598,"ME_lower_bound":-5.4752578038,"ME_upper_bound":-1.525945301,"R2":0.0800852449,"R2_lower_bound":0.000448813,"R2_upper_bound":1.0,"m":1.118280324,"m_lower_bound":-30.136909519,"m_upper_bound":11.4960635981,"kendall_tau":0.1054092553,"kendall_tau_lower_bound":-1.0,"kendall_tau_upper_bound":1.0},"APR\/GAFF2\/TIP3P\/MD-US\/MBAR":{"sid":"21","RMSE":5.3808661013,"RMSE_lower_bound":3.9766048446,"RMSE_upper_bound":6.9232516985,"MAE":5.284,"MAE_lower_bound":3.8214528631,"MAE_upper_bound":6.7806408718,"ME":-5.284,"ME_lower_bound":-6.7799598159,"ME_upper_bound":-3.8150164925,"R2":0.3980332165,"R2_lower_bound":0.0012589952,"R2_upper_bound":1.0,"m":-0.8520882281,"m_lower_bound":-6.3876890448,"m_upper_bound":6.9761228432,"kendall_tau":-0.4,"kendall_tau_lower_bound":-1.0,"kendall_tau_upper_bound":1.0},"APR\/OFF1.2.0\/TIP3P\/MD-US\/MBAR":{"sid":"22","RMSE":6.0113342945,"RMSE_lower_bound":4.4039043599,"RMSE_upper_bound":7.6717909217,"MAE":5.894,"MAE_lower_bound":4.3102702022,"MAE_upper_bound":7.4934772074,"ME":-5.894,"ME_lower_bound":-7.4872557162,"ME_upper_bound":-4.3066654824,"R2":0.0406974669,"R2_lower_bound":0.000824124,"R2_upper_bound":1.0,"m":0.4991233299,"m_lower_bound":-17.0910855892,"m_upper_bound":3.815863794,"kendall_tau":0.0,"kendall_tau_lower_bound":-1.0,"kendall_tau_upper_bound":1.0},"APR\/OFF2.0.0\/TIP3P\/MD-US\/MBAR":{"sid":"23","RMSE":6.0113342945,"RMSE_lower_bound":4.4413321949,"RMSE_upper_bound":7.7159405525,"MAE":5.894,"MAE_lower_bound":4.3345571928,"MAE_upper_bound":7.5340002006,"ME":-5.894,"ME_lower_bound":-7.5328463942,"ME_upper_bound":-4.3338617302,"R2":0.0406974669,"R2_lower_bound":0.00069111,"R2_upper_bound":1.0,"m":0.4991233299,"m_lower_bound":-16.5694968135,"m_upper_bound":4.1044988771,"kendall_tau":0.0,"kendall_tau_lower_bound":-1.0,"kendall_tau_upper_bound":1.0},"MD\/GAFF-RESP\/TIP4PEW\/MM-PBSA":{"sid":"13","RMSE":16.6844904028,"RMSE_lower_bound":15.2530585629,"RMSE_upper_bound":18.1804326676,"MAE":16.658,"MAE_lower_bound":15.2218383732,"MAE_upper_bound":18.1230441906,"ME":16.658,"ME_lower_bound":15.2218383732,"ME_upper_bound":18.1230441906,"R2":0.8467712537,"R2_lower_bound":0.0103354292,"R2_upper_bound":1.0,"m":2.621208402,"m_lower_bound":-8.1451545411,"m_upper_bound":6.074951913,"kendall_tau":0.316227766,"kendall_tau_lower_bound":-1.0,"kendall_tau_upper_bound":1.0},"MD\/GAFF-RESP\/TIP4PEW\/MM-GBSA":{"sid":"12","RMSE":19.6776553481,"RMSE_lower_bound":18.353179055,"RMSE_upper_bound":21.0361481731,"MAE":19.664,"MAE_lower_bound":18.3190834088,"MAE_upper_bound":21.0170771764,"ME":19.664,"ME_lower_bound":18.3190834088,"ME_upper_bound":21.0170771764,"R2":0.5970030525,"R2_lower_bound":0.0039098998,"R2_upper_bound":1.0,"m":1.6764736824,"m_lower_bound":-1.3300767396,"m_upper_bound":13.5861273446,"kendall_tau":1.0,"kendall_tau_lower_bound":-1.0,"kendall_tau_upper_bound":1.0},"MD\/GAFF-RESP\/TIP4PEW\/MM-GBSA_2":{"sid":"15","RMSE":19.6776553481,"RMSE_lower_bound":18.3322112191,"RMSE_upper_bound":21.0319583323,"MAE":19.664,"MAE_lower_bound":18.3008862948,"MAE_upper_bound":21.0119513818,"ME":19.664,"ME_lower_bound":18.3008862948,"ME_upper_bound":21.0119513818,"R2":0.5970030525,"R2_lower_bound":0.0062511003,"R2_upper_bound":1.0,"m":1.6764736824,"m_lower_bound":-1.3284818203,"m_upper_bound":13.3637247286,"kendall_tau":1.0,"kendall_tau_lower_bound":-1.0,"kendall_tau_upper_bound":1.0},"PMF\/GAFF-RESP\/TIP4PEW\/SMD":{"sid":"10","RMSE":29.6592471246,"RMSE_lower_bound":23.0622260112,"RMSE_upper_bound":34.97264854,"MAE":28.778,"MAE_lower_bound":22.3504583544,"MAE_upper_bound":34.9519764695,"ME":28.778,"ME_lower_bound":22.3504583544,"ME_upper_bound":34.9519764695,"R2":0.2592878655,"R2_lower_bound":0.0005870152,"R2_upper_bound":1.0,"m":-7.378616264,"m_lower_bound":-22.8012112894,"m_upper_bound":75.202496698,"kendall_tau":-0.2,"kendall_tau_lower_bound":-1.0,"kendall_tau_upper_bound":1.0}}