{"ATM\/FFENGINE\/TIP3P\/HREM":{"sid":"14","RMSE":1.8578589828,"RMSE_lower_bound":1.2930296469,"RMSE_upper_bound":4.1842757341,"MAE":1.602,"MAE_lower_bound":1.0172027155,"MAE_upper_bound":3.6435729345,"ME":-0.938,"ME_lower_bound":-2.8936932324,"ME_upper_bound":1.0759424146,"R2":0.140309152,"R2_lower_bound":0.0003458229,"R2_upper_bound":0.7402799867,"m":1.2942052314,"m_lower_bound":-3.0394014056,"m_upper_bound":6.3558512877,"kendall_tau":0.2888888889,"kendall_tau_lower_bound":-0.4210526316,"kendall_tau_upper_bound":0.8095238095},"DDM\/FEP\/MBAR\/ParamChem":{"sid":"16","RMSE":3.1970924291,"RMSE_lower_bound":2.6670733023,"RMSE_upper_bound":3.6505917329,"MAE":3.07,"MAE_lower_bound":2.501,"MAE_upper_bound":3.596,"ME":-0.406,"ME_lower_bound":-2.344,"ME_upper_bound":1.541,"R2":0.1329581023,"R2_lower_bound":0.0012904497,"R2_upper_bound":0.5214540104,"m":-2.1616901408,"m_lower_bound":-7.034729064,"m_upper_bound":1.0657640232,"kendall_tau":-0.1111111111,"kendall_tau_lower_bound":-0.6,"kendall_tau_upper_bound":0.4},"DD\/GROMOS-53A6_glyc\/SPC\/MD":{"sid":"11","RMSE":4.1207159572,"RMSE_lower_bound":3.0322174392,"RMSE_upper_bound":5.3330569564,"MAE":3.716,"MAE_lower_bound":2.4913050701,"MAE_upper_bound":5.0675011684,"ME":-3.63,"ME_lower_bound":-5.0418302272,"ME_upper_bound":-2.0410289287,"R2":0.0004130673,"R2_lower_bound":0.0002242278,"R2_upper_bound":0.7629609042,"m":-0.0764587525,"m_lower_bound":-4.0756210551,"m_upper_bound":4.0920097639,"kendall_tau":0.119352479,"kendall_tau_lower_bound":-0.6097560976,"kendall_tau_upper_bound":0.7073170732},"PMF\/GAFF-RESP\/TIP4PEW\/SMD":{"sid":"10","RMSE":27.2617521447,"RMSE_lower_bound":22.7583076162,"RMSE_upper_bound":31.3614866447,"MAE":26.383,"MAE_lower_bound":22.1071143282,"MAE_upper_bound":30.7365449707,"ME":26.383,"ME_lower_bound":22.1071143282,"ME_upper_bound":30.7365449707,"R2":0.0032766941,"R2_lower_bound":0.0000987547,"R2_upper_bound":0.5374077528,"m":-0.7830583501,"m_lower_bound":-11.9596821385,"m_upper_bound":13.0302276588,"kendall_tau":0.0222222222,"kendall_tau_lower_bound":-0.5384615385,"kendall_tau_upper_bound":0.5555555556}}