{"ATM\/FFENGINE\/TIP3P\/HREM":{"sid":"14","RMSE":1.8578589828,"RMSE_lower_bound":1.2875838153,"RMSE_upper_bound":4.2291775114,"MAE":1.602,"MAE_lower_bound":1.010519353,"MAE_upper_bound":3.6860473412,"ME":-0.938,"ME_lower_bound":-2.9015133768,"ME_upper_bound":1.1024430524,"R2":0.140309152,"R2_lower_bound":0.0002856556,"R2_upper_bound":0.7430301817,"m":1.2942052314,"m_lower_bound":-3.0649757972,"m_upper_bound":6.4625735656,"kendall_tau":0.2888888889,"kendall_tau_lower_bound":-0.4285714286,"kendall_tau_upper_bound":0.8048780488},"DDM\/FEP\/MBAR\/ParamChem":{"sid":"16","RMSE":3.1970924291,"RMSE_lower_bound":2.6555809157,"RMSE_upper_bound":3.6444601795,"MAE":3.07,"MAE_lower_bound":2.49,"MAE_upper_bound":3.587,"ME":-0.406,"ME_lower_bound":-2.317,"ME_upper_bound":1.547,"R2":0.1329581023,"R2_lower_bound":0.0012315743,"R2_upper_bound":0.5041110991,"m":-2.1616901408,"m_lower_bound":-7.1218625971,"m_upper_bound":0.9569242024,"kendall_tau":-0.1111111111,"kendall_tau_lower_bound":-0.5897435897,"kendall_tau_upper_bound":0.4},"DD\/GROMOS-53A6_glyc\/SPC\/MD":{"sid":"11","RMSE":4.1207159572,"RMSE_lower_bound":3.0767984518,"RMSE_upper_bound":5.3294541905,"MAE":3.716,"MAE_lower_bound":2.5264949962,"MAE_upper_bound":5.0866938658,"ME":-3.63,"ME_lower_bound":-5.0532814989,"ME_upper_bound":-2.0753159304,"R2":0.0004130673,"R2_lower_bound":0.0001935567,"R2_upper_bound":0.7470152234,"m":-0.0764587525,"m_lower_bound":-4.0818138179,"m_upper_bound":4.1902505033,"kendall_tau":0.119352479,"kendall_tau_lower_bound":-0.5897435897,"kendall_tau_upper_bound":0.7},"PMF\/GAFF-RESP\/TIP4PEW\/SMD":{"sid":"10","RMSE":27.2617521447,"RMSE_lower_bound":22.7419134252,"RMSE_upper_bound":31.4112479871,"MAE":26.383,"MAE_lower_bound":22.1077232843,"MAE_upper_bound":30.8051614311,"ME":26.383,"ME_lower_bound":22.1077232843,"ME_upper_bound":30.8051614311,"R2":0.0032766941,"R2_lower_bound":0.0000910607,"R2_upper_bound":0.5500910993,"m":-0.7830583501,"m_lower_bound":-12.447374818,"m_upper_bound":12.7150358087,"kendall_tau":0.0222222222,"kendall_tau_lower_bound":-0.5384615385,"kendall_tau_upper_bound":0.5609756098}}