ID,sid,RMSE,RMSE_lower_bound,RMSE_upper_bound,MAE,MAE_lower_bound,MAE_upper_bound,ME,ME_lower_bound,ME_upper_bound,R2,R2_lower_bound,R2_upper_bound,m,m_lower_bound,m_upper_bound,kendall_tau,kendall_tau_lower_bound,kendall_tau_upper_bound
ATM/FFENGINE/TIP3P/HREM,14,1.8578589828078986,1.2875838153261467,4.2291775114124555,1.6019999999999999,1.0105193530126908,3.6860473412368164,-0.938,-2.9015133767675976,1.1024430523885296,0.14030915203787916,0.00028565555956091567,0.7430301817243599,1.29420523138833,-3.0649757971850424,6.462573565579263,0.28888888888888886,-0.42857142857142855,0.8048780487804879
DDM/FEP/MBAR/ParamChem,16,3.197092429067386,2.6555809157319983,3.644460179505327,3.0700000000000003,2.4899999999999998,3.5869999999999997,-0.406,-2.317,1.547,0.13295810229647745,0.0012315742737698102,0.504111099107477,-2.1616901408450695,-7.121862597126721,0.9569242023521447,-0.1111111111111111,-0.5897435897435898,0.39999999999999997
DD/GROMOS-53A6_glyc/SPC/MD,11,4.120715957209378,3.076798451844383,5.329454190471147,3.716,2.5264949961721763,5.086693865829862,-3.6300000000000003,-5.05328149885257,-2.0753159304186437,0.00041306727452777647,0.0001935567203122635,0.7470152233551999,-0.07645875251509096,-4.081813817936671,4.190250503306769,0.11935247900657214,-0.5897435897435898,0.7
PMF/GAFF-RESP/TIP4PEW/SMD,10,27.26175214471733,22.741913425152983,31.411247987090213,26.383000000000003,22.10772328434161,30.80516143108476,26.383000000000003,22.10772328434161,30.80516143108476,0.003276694137495954,9.106069223784914e-05,0.5500910992954178,-0.7830583501006009,-12.447374818033374,12.715035808702929,0.022222222222222223,-0.5384615384615384,0.5609756097560976
