{"9":{"Sensitivity":0.0950552088,"Sensitivity_lower_bound":0.0826446281,"Sensitivity_upper_bound":0.1079065142,"Specificity":0.9783479061,"Specificity_lower_bound":0.9769831578,"Specificity_upper_bound":0.9796995253,"Precision":0.1738366989,"Precision_lower_bound":0.1521352313,"Precision_upper_bound":0.1963824289,"Balanced Accuracy":0.5367015575,"Balanced Accuracy_lower_bound":0.530492783,"Balanced Accuracy_upper_bound":0.5431786159,"Accuracy":0.9379487517,"Accuracy_lower_bound":0.9357310673,"Accuracy_upper_bound":0.9401225216,"MCC":0.0982044295,"MCC_lower_bound":0.0819363519,"MCC_upper_bound":0.115083478,"Cohen Kappa":0.093594869,"Cohen Kappa_lower_bound":0.0780478822,"Cohen Kappa_upper_bound":0.1098018941,"Youdens J":0.073403115,"Youdens J_lower_bound":0.060985566,"Youdens J_upper_bound":0.0863572317,"True Positive":198,"True Positive_lower_bound":171.0,"True Positive_upper_bound":227.0,"False Negative":1885,"False Negative_lower_bound":1803.0,"False Negative_upper_bound":1968.0,"True Negative":42519,"True Negative_lower_bound":42414.0,"True Negative_upper_bound":42622.0,"False Positive":941,"False Positive_lower_bound":883.0,"False Positive_upper_bound":1000.0},"3":{"Sensitivity":0.0825732117,"Sensitivity_lower_bound":0.0711237553,"Sensitivity_upper_bound":0.094302554,"Specificity":0.9430280718,"Specificity_lower_bound":0.9408083922,"Specificity_upper_bound":0.9452209094,"Precision":0.0649546828,"Precision_lower_bound":0.0558243394,"Precision_upper_bound":0.0744963892,"Balanced Accuracy":0.5128006418,"Balanced Accuracy_lower_bound":0.5069614335,"Balanced Accuracy_upper_bound":0.518850016,"Accuracy":0.9036734515,"Accuracy_lower_bound":0.9009507498,"Accuracy_upper_bound":0.9064181104,"MCC":0.0228554043,"MCC_lower_bound":0.0124797372,"MCC_upper_bound":0.0336130533,"Cohen Kappa":0.022673631,"Cohen Kappa_lower_bound":0.0123742108,"Cohen Kappa_upper_bound":0.0332870674,"Youdens J":0.0256012835,"Youdens J_lower_bound":0.013922867,"Youdens J_upper_bound":0.0377000321,"True Positive":172,"True Positive_lower_bound":147.0,"True Positive_upper_bound":198.0,"False Negative":1911,"False Negative_lower_bound":1828.0,"False Negative_upper_bound":1999.0,"True Negative":40984,"True Negative_lower_bound":40858.0,"True Negative_upper_bound":41111.0,"False Positive":2476,"False Positive_lower_bound":2381.0,"False Positive_upper_bound":2572.0},"4":{"Sensitivity":0.0566490639,"Sensitivity_lower_bound":0.0470308789,"Sensitivity_upper_bound":0.0669216061,"Specificity":0.9649102623,"Specificity_lower_bound":0.9632014719,"Specificity_upper_bound":0.9666421106,"Precision":0.0718198418,"Precision_lower_bound":0.0595744681,"Precision_upper_bound":0.0847772277,"Balanced Accuracy":0.5107796631,"Balanced Accuracy_lower_bound":0.5058533874,"Balanced Accuracy_upper_bound":0.5159753716,"Accuracy":0.9233691237,"Accuracy_lower_bound":0.9209757811,"Accuracy_upper_bound":0.9258502953,"MCC":0.0241531421,"MCC_lower_bound":0.0131138562,"MCC_upper_bound":0.0358107324,"Cohen Kappa":0.023969582,"Cohen Kappa_lower_bound":0.0130257465,"Cohen Kappa_upper_bound":0.0355289294,"Youdens J":0.0215593262,"Youdens J_lower_bound":0.0117067748,"Youdens J_upper_bound":0.0319507431,"True Positive":118,"True Positive_lower_bound":97.0,"True Positive_upper_bound":140.0,"False Negative":1965,"False Negative_lower_bound":1881.0,"False Negative_upper_bound":2048.0,"True Negative":41935,"True Negative_lower_bound":41824.0,"True Negative_upper_bound":42050.0,"False Positive":1525,"False Positive_lower_bound":1450.0,"False Positive_upper_bound":1599.0},"6":{"Sensitivity":0.0513682189,"Sensitivity_lower_bound":0.0419447092,"Sensitivity_upper_bound":0.0609458801,"Specificity":0.9796134376,"Specificity_lower_bound":0.9782698771,"Specificity_upper_bound":0.9809231621,"Precision":0.10775428,"Precision_lower_bound":0.0882352941,"Precision_upper_bound":0.1273684211,"Balanced Accuracy":0.5154908283,"Balanced Accuracy_lower_bound":0.5106954997,"Balanced Accuracy_upper_bound":0.5203352813,"Accuracy":0.93715829,"Accuracy_lower_bound":0.934808862,"Accuracy_upper_bound":0.9393540171,"MCC":0.0443195817,"MCC_lower_bound":0.0305341092,"MCC_upper_bound":0.0580972179,"Cohen Kappa":0.0412594519,"Cohen Kappa_lower_bound":0.0284343457,"Cohen Kappa_upper_bound":0.0540212483,"Youdens J":0.0309816566,"Youdens J_lower_bound":0.0213909994,"Youdens J_upper_bound":0.0406705626,"True Positive":107,"True Positive_lower_bound":87.0,"True Positive_upper_bound":128.0,"False Negative":1976,"False Negative_lower_bound":1890.0,"False Negative_upper_bound":2063.0,"True Negative":42574,"True Negative_lower_bound":42467.0,"True Negative_upper_bound":42677.0,"False Positive":886,"False Positive_lower_bound":829.0,"False Positive_upper_bound":944.0}}