{"WP6-G10":{"RMSE":1.3820202603,"RMSE_lower_bound":0.3681445096,"RMSE_upper_bound":4.0109181936,"MAE":0.974,"MAE_lower_bound":0.3055643327,"MAE_upper_bound":3.263142105,"ME":0.83,"ME_lower_bound":-1.0304591915,"ME_upper_bound":2.9107071492},"WP6-G3":{"RMSE":1.787288449,"RMSE_lower_bound":0.5452805338,"RMSE_upper_bound":4.3052238131,"MAE":1.476,"MAE_lower_bound":0.4479380332,"MAE_upper_bound":3.7097851131,"ME":0.736,"ME_lower_bound":-1.4317836146,"ME_upper_bound":3.0300436452},"WP6-G11":{"RMSE":1.8384993881,"RMSE_lower_bound":0.9739367672,"RMSE_upper_bound":3.8850683967,"MAE":1.68,"MAE_lower_bound":0.7810732966,"MAE_upper_bound":3.5410241055,"ME":1.44,"ME_lower_bound":-0.6369082713,"ME_upper_bound":3.3142878647},"WP6-G5":{"RMSE":2.908693865,"RMSE_lower_bound":0.6933555513,"RMSE_upper_bound":5.3992643439,"MAE":1.95,"MAE_lower_bound":0.5669069374,"MAE_upper_bound":4.7327684119,"ME":1.21,"ME_lower_bound":-1.4210621011,"ME_upper_bound":4.2636406222},"WP6-G6":{"RMSE":2.2221026079,"RMSE_lower_bound":0.77620046,"RMSE_upper_bound":4.7102647033,"MAE":1.966,"MAE_lower_bound":0.6589572278,"MAE_upper_bound":4.0691253958,"ME":0.53,"ME_lower_bound":-2.0314138001,"ME_upper_bound":3.0759835886},"WP6-G2":{"RMSE":2.190844586,"RMSE_lower_bound":0.9965078683,"RMSE_upper_bound":4.1346285679,"MAE":2.004,"MAE_lower_bound":0.8369967604,"MAE_upper_bound":3.7921691783,"ME":2.004,"ME_lower_bound":0.1614205554,"ME_upper_bound":3.7631147916},"WP6-G7":{"RMSE":2.5170101311,"RMSE_lower_bound":0.8996491961,"RMSE_upper_bound":5.2007837167,"MAE":2.098,"MAE_lower_bound":0.7057785426,"MAE_upper_bound":4.4461055561,"ME":1.282,"ME_lower_bound":-1.3135336261,"ME_upper_bound":3.8979981019},"WP6-G13":{"RMSE":3.3302102036,"RMSE_lower_bound":0.8266617287,"RMSE_upper_bound":6.6266080004,"MAE":2.414,"MAE_lower_bound":0.6529980044,"MAE_upper_bound":5.4203372583,"ME":1.786,"ME_lower_bound":-0.9093397534,"ME_upper_bound":5.0742946029},"WP6-G9":{"RMSE":3.1639310991,"RMSE_lower_bound":1.4393505766,"RMSE_upper_bound":5.869149246,"MAE":2.614,"MAE_lower_bound":1.1421418428,"MAE_upper_bound":5.1729743631,"ME":1.806,"ME_lower_bound":-1.1512789832,"ME_upper_bound":4.6560476646},"WP6-G1":{"RMSE":3.2536379639,"RMSE_lower_bound":1.5646045107,"RMSE_upper_bound":5.1261315869,"MAE":2.74,"MAE_lower_bound":1.2994017293,"MAE_upper_bound":4.8715213896,"ME":0.132,"ME_lower_bound":-3.2598936469,"ME_upper_bound":3.2007596307},"WP6-G12":{"RMSE":3.6253358465,"RMSE_lower_bound":1.8065661307,"RMSE_upper_bound":6.2462062017,"MAE":2.914,"MAE_lower_bound":1.3765031136,"MAE_upper_bound":5.5043602183,"ME":1.13,"ME_lower_bound":-2.3122046149,"ME_upper_bound":4.5446200234},"WP6-G8":{"RMSE":3.9438001978,"RMSE_lower_bound":2.1416865958,"RMSE_upper_bound":6.5939883734,"MAE":3.604,"MAE_lower_bound":1.8013755228,"MAE_upper_bound":6.0189845693,"ME":0.456,"ME_lower_bound":-3.4617639525,"ME_upper_bound":4.3172093593},"bCD-TDZ":{"RMSE":9.5751201037,"RMSE_lower_bound":0.9458593976,"RMSE_upper_bound":16.1898123831,"MAE":6.0925,"MAE_lower_bound":0.845,"MAE_upper_bound":14.3275,"ME":3.8825,"ME_lower_bound":-2.6825,"ME_upper_bound":13.905},"bCD-PMT":{"RMSE":10.7521242087,"RMSE_lower_bound":1.1093691901,"RMSE_upper_bound":18.480475508,"MAE":6.4425,"MAE_lower_bound":0.845,"MAE_upper_bound":16.4675,"ME":5.4725,"ME_lower_bound":-0.9325,"ME_upper_bound":16.09},"HbCD-PMT":{"RMSE":10.1690338774,"RMSE_lower_bound":2.1613595259,"RMSE_upper_bound":17.0321996524,"MAE":6.935,"MAE_lower_bound":1.3325,"MAE_upper_bound":15.5575,"ME":2.845,"ME_lower_bound":-3.915,"ME_upper_bound":13.7825},"HbCD-TDZ":{"RMSE":10.6169557784,"RMSE_lower_bound":2.195614948,"RMSE_upper_bound":17.8856164277,"MAE":7.295,"MAE_lower_bound":1.9175,"MAE_upper_bound":16.3025,"ME":2.98,"ME_lower_bound":-3.665,"ME_upper_bound":14.5225},"bCD-PMZ":{"RMSE":10.0970032683,"RMSE_lower_bound":2.7071063887,"RMSE_upper_bound":16.684372928,"MAE":7.3225,"MAE_lower_bound":2.1725,"MAE_upper_bound":15.335,"ME":4.2175,"ME_lower_bound":-3.105,"ME_upper_bound":14.0375},"bCD-CPZ":{"RMSE":14.1071488969,"RMSE_lower_bound":2.0960558199,"RMSE_upper_bound":23.9818514715,"MAE":9.135,"MAE_lower_bound":2.085,"MAE_upper_bound":21.32,"ME":6.78,"ME_lower_bound":-2.9575,"ME_upper_bound":21.2125},"HbCD-CPZ":{"RMSE":18.1616587899,"RMSE_lower_bound":1.7569291392,"RMSE_upper_bound":31.238689153,"MAE":10.675,"MAE_lower_bound":1.01,"MAE_upper_bound":27.77,"ME":7.34,"ME_lower_bound":-3.245,"ME_upper_bound":26.275},"bCD-TFP":{"RMSE":16.8897587313,"RMSE_lower_bound":2.8166114393,"RMSE_upper_bound":28.7772518667,"MAE":10.845,"MAE_lower_bound":2.3525,"MAE_upper_bound":25.7975,"ME":8.315,"ME_lower_bound":-2.8675,"ME_upper_bound":25.2325},"HbCD-TFP":{"RMSE":17.0723899909,"RMSE_lower_bound":2.4864633518,"RMSE_upper_bound":29.065414155,"MAE":10.915,"MAE_lower_bound":2.31,"MAE_upper_bound":25.94,"ME":5.84,"ME_lower_bound":-4.495,"ME_upper_bound":24.325},"HbCD-PMZ":{"RMSE":17.4265214544,"RMSE_lower_bound":2.9029726144,"RMSE_upper_bound":29.693454245,"MAE":11.27,"MAE_lower_bound":2.895,"MAE_upper_bound":26.4575,"ME":5.85,"ME_lower_bound":-4.4575,"ME_upper_bound":24.9025}}