{"WP6-G10":{"RMSE":1.3820202603,"RMSE_lower_bound":0.3596228721,"RMSE_upper_bound":3.9428049939,"MAE":0.974,"MAE_lower_bound":0.2895597256,"MAE_upper_bound":3.2509510863,"ME":0.83,"ME_lower_bound":-1.0189201125,"ME_upper_bound":2.8765120017},"WP6-G3":{"RMSE":1.787288449,"RMSE_lower_bound":0.5200007438,"RMSE_upper_bound":4.3818851295,"MAE":1.476,"MAE_lower_bound":0.4319870032,"MAE_upper_bound":3.6773720757,"ME":0.736,"ME_lower_bound":-1.4881019309,"ME_upper_bound":3.0167084191},"WP6-G11":{"RMSE":1.8384993881,"RMSE_lower_bound":0.9575083202,"RMSE_upper_bound":3.8609791233,"MAE":1.68,"MAE_lower_bound":0.7712378119,"MAE_upper_bound":3.4868591391,"ME":1.44,"ME_lower_bound":-0.6244128742,"ME_upper_bound":3.2503251965},"WP6-G5":{"RMSE":2.908693865,"RMSE_lower_bound":0.677841883,"RMSE_upper_bound":5.3802981824,"MAE":1.95,"MAE_lower_bound":0.5507670052,"MAE_upper_bound":4.7184388313,"ME":1.21,"ME_lower_bound":-1.4182136884,"ME_upper_bound":4.221141996},"WP6-G6":{"RMSE":2.2221026079,"RMSE_lower_bound":0.7527353454,"RMSE_upper_bound":4.8146315918,"MAE":1.966,"MAE_lower_bound":0.6318272594,"MAE_upper_bound":4.1958781828,"ME":0.53,"ME_lower_bound":-2.0670369152,"ME_upper_bound":3.1305206358},"WP6-G2":{"RMSE":2.190844586,"RMSE_lower_bound":1.0261169397,"RMSE_upper_bound":4.2474711191,"MAE":2.004,"MAE_lower_bound":0.8312751793,"MAE_upper_bound":3.8833523491,"ME":2.004,"ME_lower_bound":0.1226592221,"ME_upper_bound":3.8436533062},"WP6-G7":{"RMSE":2.5170101311,"RMSE_lower_bound":0.9170081794,"RMSE_upper_bound":5.1648741332,"MAE":2.098,"MAE_lower_bound":0.7144929439,"MAE_upper_bound":4.3898115643,"ME":1.282,"ME_lower_bound":-1.2951810788,"ME_upper_bound":3.9028327722},"WP6-G13":{"RMSE":3.3302102036,"RMSE_lower_bound":0.8489199988,"RMSE_upper_bound":6.5627814866,"MAE":2.414,"MAE_lower_bound":0.6653588377,"MAE_upper_bound":5.4319083408,"ME":1.786,"ME_lower_bound":-1.003000165,"ME_upper_bound":5.0229335371},"WP6-G9":{"RMSE":3.1639310991,"RMSE_lower_bound":1.4496616223,"RMSE_upper_bound":5.9214142938,"MAE":2.614,"MAE_lower_bound":1.1506150111,"MAE_upper_bound":5.1778636623,"ME":1.806,"ME_lower_bound":-1.1014304074,"ME_upper_bound":4.6593171578},"WP6-G1":{"RMSE":3.2536379639,"RMSE_lower_bound":1.5016308539,"RMSE_upper_bound":5.1171682502,"MAE":2.74,"MAE_lower_bound":1.2533929917,"MAE_upper_bound":4.8449235558,"ME":0.132,"ME_lower_bound":-3.3680427289,"ME_upper_bound":3.1750671948},"WP6-G12":{"RMSE":3.6253358465,"RMSE_lower_bound":1.7749457795,"RMSE_upper_bound":6.1872599224,"MAE":2.914,"MAE_lower_bound":1.4065198654,"MAE_upper_bound":5.5333421502,"ME":1.13,"ME_lower_bound":-2.2480209372,"ME_upper_bound":4.6295899883},"WP6-G8":{"RMSE":3.9438001978,"RMSE_lower_bound":2.1085881687,"RMSE_upper_bound":6.5247244968,"MAE":3.604,"MAE_lower_bound":1.7412717733,"MAE_upper_bound":5.9191991146,"ME":0.456,"ME_lower_bound":-3.4565560848,"ME_upper_bound":4.1333577287},"bCD-TDZ":{"RMSE":9.5751201037,"RMSE_lower_bound":0.9458593976,"RMSE_upper_bound":16.1898123831,"MAE":6.0925,"MAE_lower_bound":0.845,"MAE_upper_bound":14.3275,"ME":3.8825,"ME_lower_bound":-2.6825,"ME_upper_bound":13.905},"bCD-PMT":{"RMSE":10.7521242087,"RMSE_lower_bound":1.1093691901,"RMSE_upper_bound":18.480475508,"MAE":6.4425,"MAE_lower_bound":0.845,"MAE_upper_bound":16.4675,"ME":5.4725,"ME_lower_bound":-0.9325,"ME_upper_bound":16.09},"HbCD-PMT":{"RMSE":10.1690338774,"RMSE_lower_bound":2.1613595259,"RMSE_upper_bound":17.0321996524,"MAE":6.935,"MAE_lower_bound":1.3325,"MAE_upper_bound":15.5575,"ME":2.845,"ME_lower_bound":-3.915,"ME_upper_bound":13.7825},"HbCD-TDZ":{"RMSE":10.6169557784,"RMSE_lower_bound":2.195614948,"RMSE_upper_bound":17.8856164277,"MAE":7.295,"MAE_lower_bound":1.9175,"MAE_upper_bound":16.3025,"ME":2.98,"ME_lower_bound":-3.665,"ME_upper_bound":14.5225},"bCD-PMZ":{"RMSE":10.0970032683,"RMSE_lower_bound":2.7071063887,"RMSE_upper_bound":16.684372928,"MAE":7.3225,"MAE_lower_bound":2.1725,"MAE_upper_bound":15.335,"ME":4.2175,"ME_lower_bound":-3.105,"ME_upper_bound":14.0375},"bCD-CPZ":{"RMSE":14.1071488969,"RMSE_lower_bound":2.0960558199,"RMSE_upper_bound":23.9818514715,"MAE":9.135,"MAE_lower_bound":2.085,"MAE_upper_bound":21.32,"ME":6.78,"ME_lower_bound":-2.9575,"ME_upper_bound":21.2125},"HbCD-CPZ":{"RMSE":18.1616587899,"RMSE_lower_bound":1.7569291392,"RMSE_upper_bound":31.238689153,"MAE":10.675,"MAE_lower_bound":1.01,"MAE_upper_bound":27.77,"ME":7.34,"ME_lower_bound":-3.245,"ME_upper_bound":26.275},"bCD-TFP":{"RMSE":16.8897587313,"RMSE_lower_bound":2.8166114393,"RMSE_upper_bound":28.7772518667,"MAE":10.845,"MAE_lower_bound":2.3525,"MAE_upper_bound":25.7975,"ME":8.315,"ME_lower_bound":-2.8675,"ME_upper_bound":25.2325},"HbCD-TFP":{"RMSE":17.0723899909,"RMSE_lower_bound":2.4864633518,"RMSE_upper_bound":29.065414155,"MAE":10.915,"MAE_lower_bound":2.31,"MAE_upper_bound":25.94,"ME":5.84,"ME_lower_bound":-4.495,"ME_upper_bound":24.325},"HbCD-PMZ":{"RMSE":17.4265214544,"RMSE_lower_bound":2.9029726144,"RMSE_upper_bound":29.693454245,"MAE":11.27,"MAE_lower_bound":2.895,"MAE_upper_bound":26.4575,"ME":5.85,"ME_lower_bound":-4.4575,"ME_upper_bound":24.9025}}