{"MACHINE-LEARNING\/NNET\/DRAGON-descriptors":{"sid":"3","RMSE":2.0439035365,"RMSE_lower_bound":1.1607294128,"RMSE_upper_bound":3.0263937008,"MAE":1.5725,"MAE_lower_bound":0.883806105,"MAE_upper_bound":2.530474855,"ME":0.6175,"ME_lower_bound":-0.6878575183,"ME_upper_bound":1.7577872135,"R2":0.1483268846,"R2_lower_bound":0.0004988869,"R2_upper_bound":0.7873548766,"m":0.3795203482,"m_lower_bound":-0.3805683003,"m_upper_bound":1.12057723,"kendall_tau":0.2121212121,"kendall_tau_lower_bound":-0.4426229508,"kendall_tau_upper_bound":0.8},"ELIE\/GAFF2-ABCG2\/TIP3P\/MD\/MMPBSA":{"sid":"8","RMSE":2.485229701,"RMSE_lower_bound":1.3740278872,"RMSE_upper_bound":3.9857553707,"MAE":1.935,"MAE_lower_bound":1.0899201209,"MAE_upper_bound":3.2164701234,"ME":1.93,"ME_lower_bound":0.7945992626,"ME_upper_bound":3.1525513596,"R2":0.396731234,"R2_lower_bound":0.0037855123,"R2_upper_bound":0.8802130222,"m":0.6635253927,"m_lower_bound":-0.104129276,"m_upper_bound":1.3746005244,"kendall_tau":0.5038314737,"kendall_tau_lower_bound":-0.1923076923,"kendall_tau_upper_bound":0.868852459},"EE\/Openff-2.0\/TIP3P\/MD-EE\/WL_RL.02_L.01":{"sid":"4","RMSE":2.6459938272,"RMSE_lower_bound":1.7080813158,"RMSE_upper_bound":3.6874162605,"MAE":2.16,"MAE_lower_bound":1.3333284706,"MAE_upper_bound":3.1864396607,"ME":0.4833333333,"ME_lower_bound":-1.1172049597,"ME_upper_bound":1.8975993364,"R2":0.6261106557,"R2_lower_bound":0.2406659823,"R2_upper_bound":0.8902975357,"m":1.6838230599,"m_lower_bound":0.8979424106,"m_upper_bound":2.3832367065,"kendall_tau":0.6060606061,"kendall_tau_lower_bound":0.1612903226,"kendall_tau_upper_bound":0.9310344828},"DDM\/AMOEBA\/BAR":{"sid":"7","RMSE":2.7443608849,"RMSE_lower_bound":1.6845222022,"RMSE_upper_bound":5.1755934615,"MAE":1.955,"MAE_lower_bound":1.2861933764,"MAE_upper_bound":4.2434128112,"ME":-0.6016666667,"ME_lower_bound":-2.6480561025,"ME_upper_bound":1.679375507,"R2":0.5704359597,"R2_lower_bound":0.0981128204,"R2_upper_bound":0.884581679,"m":1.6003389596,"m_lower_bound":0.5664735482,"m_upper_bound":2.9764227832,"kendall_tau":0.5757575758,"kendall_tau_lower_bound":0.0322580645,"kendall_tau_upper_bound":0.8709677419},"vDSSB\/GAFF2\/OPC3\/HREM":{"sid":"2","RMSE":3.7457353528,"RMSE_lower_bound":2.592863908,"RMSE_upper_bound":5.970019199,"MAE":3.3916666667,"MAE_lower_bound":2.0650842552,"MAE_upper_bound":5.3221732584,"ME":3.13,"ME_lower_bound":1.1745191192,"ME_upper_bound":5.104542673,"R2":0.4399381928,"R2_lower_bound":0.0020686673,"R2_upper_bound":0.8349020696,"m":1.030075348,"m_lower_bound":-0.3726514431,"m_upper_bound":2.0816012942,"kendall_tau":0.442760992,"kendall_tau_lower_bound":-0.2459016393,"kendall_tau_upper_bound":0.8387096774}}