{"MACHINE-LEARNING\/NNET\/DRAGON-descriptors":{"sid":"3","RMSE":2.0439035365,"RMSE_lower_bound":1.1421329167,"RMSE_upper_bound":3.0135936171,"MAE":1.5725,"MAE_lower_bound":0.8830463247,"MAE_upper_bound":2.5248212585,"ME":0.6175,"ME_lower_bound":-0.6471144319,"ME_upper_bound":1.7457822836,"R2":0.1483268846,"R2_lower_bound":0.0005181277,"R2_upper_bound":0.7956054968,"m":0.3795203482,"m_lower_bound":-0.3673675674,"m_upper_bound":1.1395932849,"kendall_tau":0.2121212121,"kendall_tau_lower_bound":-0.4237288136,"kendall_tau_upper_bound":0.7966101695},"ELIE\/GAFF2-ABCG2\/TIP3P\/MD\/MMPBSA":{"sid":"8","RMSE":2.485229701,"RMSE_lower_bound":1.3982317264,"RMSE_upper_bound":3.9495987696,"MAE":1.935,"MAE_lower_bound":1.1037174963,"MAE_upper_bound":3.213094081,"ME":1.93,"ME_lower_bound":0.7968560752,"ME_upper_bound":3.1423486567,"R2":0.396731234,"R2_lower_bound":0.0033621214,"R2_upper_bound":0.8766851051,"m":0.6635253927,"m_lower_bound":-0.0872539826,"m_upper_bound":1.4040809206,"kendall_tau":0.5038314737,"kendall_tau_lower_bound":-0.1666666667,"kendall_tau_upper_bound":0.868852459},"EE\/Openff-2.0\/TIP3P\/MD-EE\/WL_RL.02_L.01":{"sid":"4","RMSE":2.6459938272,"RMSE_lower_bound":1.6866522427,"RMSE_upper_bound":3.6910943996,"MAE":2.16,"MAE_lower_bound":1.3003396049,"MAE_upper_bound":3.1774243525,"ME":0.4833333333,"ME_lower_bound":-1.1754905571,"ME_upper_bound":1.9376443071,"R2":0.6261106557,"R2_lower_bound":0.2354920366,"R2_upper_bound":0.8834880103,"m":1.6838230599,"m_lower_bound":0.8872118149,"m_upper_bound":2.3930890255,"kendall_tau":0.6060606061,"kendall_tau_lower_bound":0.1666666667,"kendall_tau_upper_bound":0.9310344828},"DDM\/AMOEBA\/BAR":{"sid":"7","RMSE":2.7443608849,"RMSE_lower_bound":1.6381768463,"RMSE_upper_bound":5.2308607652,"MAE":1.955,"MAE_lower_bound":1.2806269579,"MAE_upper_bound":4.2583052132,"ME":-0.6016666667,"ME_lower_bound":-2.6960865784,"ME_upper_bound":1.6306026954,"R2":0.5704359597,"R2_lower_bound":0.093815801,"R2_upper_bound":0.881641652,"m":1.6003389596,"m_lower_bound":0.5654151822,"m_upper_bound":2.9843319336,"kendall_tau":0.5757575758,"kendall_tau_lower_bound":0.0508474576,"kendall_tau_upper_bound":0.8709677419},"vDSSB\/GAFF2\/OPC3\/HREM":{"sid":"2","RMSE":3.7457353528,"RMSE_lower_bound":2.5503959024,"RMSE_upper_bound":5.9446325162,"MAE":3.3916666667,"MAE_lower_bound":2.0293108098,"MAE_upper_bound":5.2875902961,"ME":3.13,"ME_lower_bound":1.1510945392,"ME_upper_bound":5.084603088,"R2":0.4399381928,"R2_lower_bound":0.0025596576,"R2_upper_bound":0.8350831349,"m":1.030075348,"m_lower_bound":-0.352284171,"m_upper_bound":2.0872946325,"kendall_tau":0.442760992,"kendall_tau_lower_bound":-0.2459016393,"kendall_tau_upper_bound":0.8360655738}}