ID,sid,RMSE,RMSE_lower_bound,RMSE_upper_bound,MAE,MAE_lower_bound,MAE_upper_bound,ME,ME_lower_bound,ME_upper_bound,R2,R2_lower_bound,R2_upper_bound,m,m_lower_bound,m_upper_bound,kendall_tau,kendall_tau_lower_bound,kendall_tau_upper_bound
MACHINE-LEARNING/NNET/DRAGON-descriptors,3,2.043903536536562,1.160729412772051,3.0263937008494994,1.5725,0.8838061050379272,2.5304748550226397,0.6175,-0.6878575183265886,1.757787213479166,0.14832688458582066,0.0004988868836767299,0.7873548766210678,0.37952034821846664,-0.38056830028727456,1.1205772300267578,0.2121212121212121,-0.4426229508196722,0.8
ELIE/GAFF2-ABCG2/TIP3P/MD/MMPBSA,8,2.485229700986745,1.3740278872452334,3.9857553706883078,1.9349999999999998,1.0899201208587077,3.2164701233637145,1.9299999999999997,0.7945992625822632,3.1525513595834638,0.39673123396391263,0.003785512348535604,0.8802130221889388,0.6635253927035887,-0.10412927600308389,1.3746005243762855,0.5038314736557788,-0.19230769230769235,0.8688524590163935
EE/Openff-2.0/TIP3P/MD-EE/WL_RL.02_L.01,4,2.6459938271532937,1.7080813158122747,3.6874162604848304,2.16,1.3333284706006427,3.1864396606839773,0.48333333333333356,-1.1172049596755544,1.897599336362956,0.6261106557432087,0.24066598230940223,0.8902975357447858,1.6838230598952797,0.8979424105926866,2.3832367065469104,0.606060606060606,0.16129032258064516,0.9310344827586207
DDM/AMOEBA/BAR,7,2.7443608849177736,1.6845222022456217,5.175593461520031,1.955,1.2861933763870927,4.243412811205701,-0.6016666666666666,-2.6480561025041154,1.6793755070008853,0.5704359597321293,0.0981128204096227,0.8845816789703091,1.60033895960155,0.5664735481840871,2.976422783210624,0.5757575757575757,0.03225806451612903,0.8709677419354839
vDSSB/GAFF2/OPC3/HREM,2,3.745735352815697,2.592863908038,5.970019198996999,3.391666666666667,2.065084255169994,5.322173258432571,3.1300000000000003,1.1745191191902593,5.104542673014277,0.43993819275659746,0.0020686673078777833,0.8349020696311819,1.0300753480056193,-0.37265144309695386,2.081601294213261,0.442760992000533,-0.24590163934426232,0.8387096774193549
