ID,sid,RMSE,RMSE_lower_bound,RMSE_upper_bound,MAE,MAE_lower_bound,MAE_upper_bound,ME,ME_lower_bound,ME_upper_bound,R2,R2_lower_bound,R2_upper_bound,m,m_lower_bound,m_upper_bound,kendall_tau,kendall_tau_lower_bound,kendall_tau_upper_bound
MACHINE-LEARNING/NNET/DRAGON-descriptors,3,1.9702967367300874,1.1395523359380566,2.92859145234957,1.4961538461538464,0.8686465075629359,2.4196393647934826,0.6146153846153847,-0.5803454413214845,1.6679439118421584,0.14832918954100757,0.00036444701434146145,0.7852964338157541,0.3795123963762487,-0.35531667974359626,1.128000189922324,0.17948717948717946,-0.40845070422535207,0.7681159420289855
ELIE/GAFF2-ABCG2/TIP3P/MD/MMPBSA,8,2.485229700986745,1.376968545255107,3.9318766234864357,1.9349999999999998,1.097333680994387,3.193816885931373,1.9299999999999997,0.8024201085397794,3.147984024673851,0.39673123396391263,0.002993847355054612,0.8750806210913207,0.6635253927035887,-0.08164620225713812,1.3756121642670887,0.5038314736557788,-0.16666666666666666,0.8688524590163935
EE/Openff-2.0/TIP3P/MD-EE/WL_RL.02_L.01,4,2.6836456260381785,1.7996122351737964,3.6880395273261013,2.2323076923076925,1.4185946041384923,3.2016052311063707,0.6846153846153847,-0.9246954191464383,2.0426768854503115,0.6051702655564379,0.2501778118679838,0.8612563674678667,1.6869940578271079,0.8938163551700644,2.4512472152202394,0.564102564102564,0.15492957746478872,0.875
DDM/AMOEBA/BAR,7,2.7665390764524656,1.777390478633077,5.137970852509216,2.036923076923077,1.349020564929089,4.22390904393119,-0.7876923076923072,-2.8182163210492086,1.4009974350838694,0.5514112357239862,0.08691973689062829,0.8578253977586099,1.5973326528089637,0.563253618052469,2.878654727688007,0.5384615384615383,0.027777777777777783,0.8461538461538463
vDSSB/GAFF2/OPC3/HREM,2,3.6250336868461277,2.517729439063723,5.753064159354825,3.2515384615384617,2.0049223433733925,5.089417946308743,2.7684615384615388,0.7650655903458057,4.755138574343549,0.35654403307268656,0.0021033656641713055,0.7756797985263917,1.024302414770053,-0.5004691548306109,2.1153715621806843,0.3742013362170691,-0.25,0.7746478873239435
