{"MACHINE-LEARNING\/NNET\/DRAGON-descriptors":{"sid":"3","RMSE":1.9702967367,"RMSE_lower_bound":1.112401228,"RMSE_upper_bound":2.9211782479,"MAE":1.4961538462,"MAE_lower_bound":0.8532932258,"MAE_upper_bound":2.399905513,"ME":0.6146153846,"ME_lower_bound":-0.5817351009,"ME_upper_bound":1.6566295429,"R2":0.1483291895,"R2_lower_bound":0.0005722093,"R2_upper_bound":0.7886357867,"m":0.3795123964,"m_lower_bound":-0.3657315382,"m_upper_bound":1.144033344,"kendall_tau":0.1794871795,"kendall_tau_lower_bound":-0.4054054054,"kendall_tau_upper_bound":0.7647058824},"ELIE\/GAFF2-ABCG2\/TIP3P\/MD\/MMPBSA":{"sid":"8","RMSE":2.485229701,"RMSE_lower_bound":1.4030623334,"RMSE_upper_bound":3.9481607732,"MAE":1.935,"MAE_lower_bound":1.1239656295,"MAE_upper_bound":3.2269097086,"ME":1.93,"ME_lower_bound":0.8089687317,"ME_upper_bound":3.1634880597,"R2":0.396731234,"R2_lower_bound":0.0036339069,"R2_upper_bound":0.8831859718,"m":0.6635253927,"m_lower_bound":-0.1089582804,"m_upper_bound":1.3770582854,"kendall_tau":0.5038314737,"kendall_tau_lower_bound":-0.1785714286,"kendall_tau_upper_bound":0.868852459},"EE\/Openff-2.0\/TIP3P\/MD-EE\/WL_RL.02_L.01":{"sid":"4","RMSE":2.683645626,"RMSE_lower_bound":1.8005124612,"RMSE_upper_bound":3.6811487772,"MAE":2.2323076923,"MAE_lower_bound":1.4207471264,"MAE_upper_bound":3.2174158249,"ME":0.6846153846,"ME_lower_bound":-0.8795799467,"ME_upper_bound":2.076809298,"R2":0.6051702656,"R2_lower_bound":0.252396527,"R2_upper_bound":0.8666326261,"m":1.6869940578,"m_lower_bound":0.8967558959,"m_upper_bound":2.4266013316,"kendall_tau":0.5641025641,"kendall_tau_lower_bound":0.1515151515,"kendall_tau_upper_bound":0.8823529412},"DDM\/AMOEBA\/BAR":{"sid":"7","RMSE":2.7665390765,"RMSE_lower_bound":1.7528419961,"RMSE_upper_bound":5.1859078199,"MAE":2.0369230769,"MAE_lower_bound":1.3576731435,"MAE_upper_bound":4.2500200419,"ME":-0.7876923077,"ME_lower_bound":-2.7783242647,"ME_upper_bound":1.3691203805,"R2":0.5514112357,"R2_lower_bound":0.0763927278,"R2_upper_bound":0.8589037213,"m":1.5973326528,"m_lower_bound":0.5147571073,"m_upper_bound":2.9183261547,"kendall_tau":0.5384615385,"kendall_tau_lower_bound":0.0144927536,"kendall_tau_upper_bound":0.8611111111},"vDSSB\/GAFF2\/OPC3\/HREM":{"sid":"2","RMSE":3.6250336868,"RMSE_lower_bound":2.5359334355,"RMSE_upper_bound":5.7124423923,"MAE":3.2515384615,"MAE_lower_bound":2.000670091,"MAE_upper_bound":5.0307403145,"ME":2.7684615385,"ME_lower_bound":0.7355798195,"ME_upper_bound":4.7396021783,"R2":0.3565440331,"R2_lower_bound":0.0016716832,"R2_upper_bound":0.7771653883,"m":1.0243024148,"m_lower_bound":-0.5170005905,"m_upper_bound":2.0867204935,"kendall_tau":0.3742013362,"kendall_tau_lower_bound":-0.25,"kendall_tau_upper_bound":0.7746478873}}