ID,sid,RMSE,RMSE_lower_bound,RMSE_upper_bound,MAE,MAE_lower_bound,MAE_upper_bound,ME,ME_lower_bound,ME_upper_bound,R2,R2_lower_bound,R2_upper_bound,m,m_lower_bound,m_upper_bound,kendall_tau,kendall_tau_lower_bound,kendall_tau_upper_bound
MACHINE-LEARNING/NNET/DRAGON-descriptors,3,1.9702967367300874,1.1124012279993696,2.9211782479131805,1.4961538461538464,0.8532932257923245,2.399905513011799,0.6146153846153847,-0.5817351009074119,1.6566295428810478,0.14832918954100757,0.000572209285831285,0.7886357867456517,0.3795123963762487,-0.36573153818203086,1.1440333440465837,0.17948717948717946,-0.4054054054054054,0.7647058823529412
ELIE/GAFF2-ABCG2/TIP3P/MD/MMPBSA,8,2.485229700986745,1.403062333375011,3.9481607732355397,1.9349999999999998,1.1239656295394351,3.2269097085677676,1.9299999999999997,0.8089687316928961,3.163488059744036,0.39673123396391263,0.0036339069207689616,0.883185971796519,0.6635253927035887,-0.1089582804304425,1.3770582854288158,0.5038314736557788,-0.17857142857142858,0.8688524590163935
EE/Openff-2.0/TIP3P/MD-EE/WL_RL.02_L.01,4,2.6836456260381785,1.8005124611845775,3.6811487772472056,2.2323076923076925,1.420747126415037,3.2174158248899096,0.6846153846153847,-0.8795799467442554,2.0768092980139445,0.6051702655564379,0.2523965270146371,0.8666326260888338,1.6869940578271079,0.8967558958595169,2.4266013315684902,0.564102564102564,0.1515151515151515,0.8823529411764706
DDM/AMOEBA/BAR,7,2.7665390764524656,1.7528419960647823,5.185907819879452,2.036923076923077,1.357673143528713,4.250020041917372,-0.7876923076923072,-2.778324264715195,1.369120380524245,0.5514112357239862,0.0763927278319017,0.8589037212652425,1.5973326528089637,0.5147571072768788,2.918326154667389,0.5384615384615383,0.014492753623188406,0.8611111111111113
vDSSB/GAFF2/OPC3/HREM,2,3.6250336868461277,2.535933435542944,5.712442392340335,3.2515384615384617,2.000670090960431,5.030740314453853,2.7684615384615388,0.735579819515151,4.739602178325522,0.35654403307268656,0.001671683178709824,0.7771653882644503,1.024302414770053,-0.5170005905228993,2.0867204935270567,0.3742013362170691,-0.25000000000000006,0.7746478873239435
