{"MACHINE-LEARNING\/NNET\/DRAGON-descriptors":{"sid":"3","RMSE":1.9702967367,"RMSE_lower_bound":1.1395523359,"RMSE_upper_bound":2.9285914523,"MAE":1.4961538462,"MAE_lower_bound":0.8686465076,"MAE_upper_bound":2.4196393648,"ME":0.6146153846,"ME_lower_bound":-0.5803454413,"ME_upper_bound":1.6679439118,"R2":0.1483291895,"R2_lower_bound":0.000364447,"R2_upper_bound":0.7852964338,"m":0.3795123964,"m_lower_bound":-0.3553166797,"m_upper_bound":1.1280001899,"kendall_tau":0.1794871795,"kendall_tau_lower_bound":-0.4084507042,"kendall_tau_upper_bound":0.768115942},"ELIE\/GAFF2-ABCG2\/TIP3P\/MD\/MMPBSA":{"sid":"8","RMSE":2.485229701,"RMSE_lower_bound":1.3769685453,"RMSE_upper_bound":3.9318766235,"MAE":1.935,"MAE_lower_bound":1.097333681,"MAE_upper_bound":3.1938168859,"ME":1.93,"ME_lower_bound":0.8024201085,"ME_upper_bound":3.1479840247,"R2":0.396731234,"R2_lower_bound":0.0029938474,"R2_upper_bound":0.8750806211,"m":0.6635253927,"m_lower_bound":-0.0816462023,"m_upper_bound":1.3756121643,"kendall_tau":0.5038314737,"kendall_tau_lower_bound":-0.1666666667,"kendall_tau_upper_bound":0.868852459},"EE\/Openff-2.0\/TIP3P\/MD-EE\/WL_RL.02_L.01":{"sid":"4","RMSE":2.683645626,"RMSE_lower_bound":1.7996122352,"RMSE_upper_bound":3.6880395273,"MAE":2.2323076923,"MAE_lower_bound":1.4185946041,"MAE_upper_bound":3.2016052311,"ME":0.6846153846,"ME_lower_bound":-0.9246954191,"ME_upper_bound":2.0426768855,"R2":0.6051702656,"R2_lower_bound":0.2501778119,"R2_upper_bound":0.8612563675,"m":1.6869940578,"m_lower_bound":0.8938163552,"m_upper_bound":2.4512472152,"kendall_tau":0.5641025641,"kendall_tau_lower_bound":0.1549295775,"kendall_tau_upper_bound":0.875},"DDM\/AMOEBA\/BAR":{"sid":"7","RMSE":2.7665390765,"RMSE_lower_bound":1.7773904786,"RMSE_upper_bound":5.1379708525,"MAE":2.0369230769,"MAE_lower_bound":1.3490205649,"MAE_upper_bound":4.2239090439,"ME":-0.7876923077,"ME_lower_bound":-2.818216321,"ME_upper_bound":1.4009974351,"R2":0.5514112357,"R2_lower_bound":0.0869197369,"R2_upper_bound":0.8578253978,"m":1.5973326528,"m_lower_bound":0.5632536181,"m_upper_bound":2.8786547277,"kendall_tau":0.5384615385,"kendall_tau_lower_bound":0.0277777778,"kendall_tau_upper_bound":0.8461538462},"vDSSB\/GAFF2\/OPC3\/HREM":{"sid":"2","RMSE":3.6250336868,"RMSE_lower_bound":2.5177294391,"RMSE_upper_bound":5.7530641594,"MAE":3.2515384615,"MAE_lower_bound":2.0049223434,"MAE_upper_bound":5.0894179463,"ME":2.7684615385,"ME_lower_bound":0.7650655903,"ME_upper_bound":4.7551385743,"R2":0.3565440331,"R2_lower_bound":0.0021033657,"R2_upper_bound":0.7756797985,"m":1.0243024148,"m_lower_bound":-0.5004691548,"m_upper_bound":2.1153715622,"kendall_tau":0.3742013362,"kendall_tau_lower_bound":-0.25,"kendall_tau_upper_bound":0.7746478873}}