{"5":{"Sensitivity":0.1377820451,"Sensitivity_lower_bound":0.123275069,"Sensitivity_upper_bound":0.1528905877,"Specificity":0.938288081,"Specificity_lower_bound":0.9360069827,"Specificity_upper_bound":0.9405837868,"Precision":0.096665544,"Precision_lower_bound":0.0863575269,"Precision_upper_bound":0.107615894,"Balanced Accuracy":0.5380350631,"Balanced Accuracy_lower_bound":0.5307286705,"Balanced Accuracy_upper_bound":0.5456733258,"Accuracy":0.9016753398,"Accuracy_lower_bound":0.8988867664,"Accuracy_upper_bound":0.9043541269,"MCC":0.0643763435,"MCC_lower_bound":0.0520488917,"MCC_upper_bound":0.0772162955,"Cohen Kappa":0.063260993,"Cohen Kappa_lower_bound":0.0511549455,"Cohen Kappa_upper_bound":0.0758841992,"Youdens J":0.0760701261,"Youdens J_lower_bound":0.061457341,"Youdens J_upper_bound":0.0913466515,"True Positive":287,"True Positive_lower_bound":255.0,"True Positive_upper_bound":321.0,"False Negative":1796,"False Negative_lower_bound":1713.0,"False Negative_upper_bound":1879.0,"True Negative":40778,"True Negative_lower_bound":40649.0,"True Negative_upper_bound":40904.0,"False Positive":2682,"False Positive_lower_bound":2583.0,"False Positive_upper_bound":2781.0},"8":{"Sensitivity":0.0369659145,"Sensitivity_lower_bound":0.0291902072,"Sensitivity_upper_bound":0.0452380952,"Specificity":0.9613437644,"Specificity_lower_bound":0.9595167835,"Specificity_upper_bound":0.9631491941,"Precision":0.0438247012,"Precision_lower_bound":0.03469163,"Precision_upper_bound":0.0534175761,"Balanced Accuracy":0.4991548395,"Balanced Accuracy_lower_bound":0.4952013182,"Balanced Accuracy_upper_bound":0.503336182,"Accuracy":0.9190654985,"Accuracy_lower_bound":0.9165623696,"Accuracy_upper_bound":0.9215027556,"MCC":-0.0018336025,"MCC_lower_bound":-0.0103907596,"MCC_upper_bound":0.0071983868,"Cohen Kappa":-0.0018263907,"Cohen Kappa_lower_bound":-0.0103506673,"Cohen Kappa_upper_bound":0.0071748447,"Youdens J":-0.0016903211,"Youdens J_lower_bound":-0.0095973636,"Youdens J_upper_bound":0.0066723639,"True Positive":77,"True Positive_lower_bound":61.0,"True Positive_upper_bound":94.0,"False Negative":2006,"False Negative_lower_bound":1922.0,"False Negative_upper_bound":2090.0,"True Negative":41780,"True Negative_lower_bound":41665.0,"True Negative_upper_bound":41894.0,"False Positive":1680,"False Positive_lower_bound":1601.0,"False Positive_upper_bound":1760.0},"2":{"Sensitivity":0.0182429189,"Sensitivity_lower_bound":0.0127513487,"Sensitivity_upper_bound":0.0242334322,"Specificity":0.9770133456,"Specificity_lower_bound":0.9755822517,"Specificity_upper_bound":0.9784091433,"Precision":0.0366441659,"Precision_lower_bound":0.0257352941,"Precision_upper_bound":0.0485981308,"Balanced Accuracy":0.4976281322,"Balanced Accuracy_lower_bound":0.4947783109,"Balanced Accuracy_upper_bound":0.5006743119,"Accuracy":0.9331620666,"Accuracy_lower_bound":0.9308785104,"Accuracy_upper_bound":0.935379751,"MCC":-0.0066437197,"MCC_lower_bound":-0.0146361993,"MCC_upper_bound":0.0019105934,"Cohen Kappa":-0.006233933,"Cohen Kappa_lower_bound":-0.0137309238,"Cohen Kappa_upper_bound":0.0017864095,"Youdens J":-0.0047437355,"Youdens J_lower_bound":-0.0104433781,"Youdens J_upper_bound":0.0013486238,"True Positive":38,"True Positive_lower_bound":27.0,"True Positive_upper_bound":51.0,"False Negative":2045,"False Negative_lower_bound":1961.0,"False Negative_upper_bound":2134.0,"True Negative":42461,"True Negative_lower_bound":42356.0,"True Negative_upper_bound":42563.0,"False Positive":999,"False Positive_lower_bound":938.0,"False Positive_upper_bound":1061.0},"10":{"Sensitivity":0.0105616899,"Sensitivity_lower_bound":0.0064676617,"Sensitivity_upper_bound":0.0151658768,"Specificity":0.9941555453,"Specificity_lower_bound":0.9934160547,"Specificity_upper_bound":0.9948469024,"Precision":0.0797101449,"Precision_lower_bound":0.0494699647,"Precision_upper_bound":0.1133603239,"Balanced Accuracy":0.5023586176,"Balanced Accuracy_lower_bound":0.5002672726,"Balanced Accuracy_upper_bound":0.5046905937,"Accuracy":0.9491689173,"Accuracy_lower_bound":0.9471049338,"Accuracy_upper_bound":0.951167029,"MCC":0.012697892,"MCC_lower_bound":0.001459439,"MCC_upper_bound":0.025156242,"Cohen Kappa":0.0080356305,"Cohen Kappa_lower_bound":0.0009136327,"Cohen Kappa_upper_bound":0.0159505365,"Youdens J":0.0047172352,"Youdens J_lower_bound":0.0005345452,"Youdens J_upper_bound":0.0093811873,"True Positive":22,"True Positive_lower_bound":13.0,"True Positive_upper_bound":32.0,"False Negative":2061,"False Negative_lower_bound":1975.0,"False Negative_upper_bound":2150.0,"True Negative":43206,"True Negative_lower_bound":43112.0,"True Negative_upper_bound":43297.0,"False Positive":254,"False Positive_lower_bound":224.0,"False Positive_upper_bound":286.0},"7":{"Sensitivity":0.0028804609,"Sensitivity_lower_bound":0.0009438414,"Sensitivity_upper_bound":0.0053449951,"Specificity":0.997330879,"Specificity_lower_bound":0.9968473859,"Specificity_upper_bound":0.9977922406,"Precision":0.0491803279,"Precision_lower_bound":0.015625,"Precision_upper_bound":0.0909090909,"Balanced Accuracy":0.5001056699,"Balanced Accuracy_lower_bound":0.4990503338,"Balanced Accuracy_upper_bound":0.5013760648,"Accuracy":0.9518477044,"Accuracy_lower_bound":0.9498935072,"Accuracy_upper_bound":0.9538238588,"MCC":0.000854206,"MCC_lower_bound":-0.0075818221,"MCC_upper_bound":0.0111487417,"Cohen Kappa":0.0003829691,"Cohen Kappa_lower_bound":-0.0034386663,"Cohen Kappa_upper_bound":0.0049730768,"Youdens J":0.0002113398,"Youdens J_lower_bound":-0.0018993324,"Youdens J_upper_bound":0.0027521295,"True Positive":6,"True Positive_lower_bound":2.0,"True Positive_upper_bound":11.0,"False Negative":2077,"False Negative_lower_bound":1989.0,"False Negative_upper_bound":2165.0,"True Negative":43344,"True Negative_lower_bound":43254.0,"True Negative_upper_bound":43435.0,"False Positive":116,"False Positive_lower_bound":96.0,"False Positive_upper_bound":137.0}}