{"ATM\/FFENGINE\/TIP3P\/HREM":{"sid":"14","RMSE":1.8578589828,"RMSE_lower_bound":1.2886023853,"RMSE_upper_bound":4.2313679895,"MAE":1.602,"MAE_lower_bound":1.0087311912,"MAE_upper_bound":3.6879243387,"ME":-0.938,"ME_lower_bound":-2.9829389475,"ME_upper_bound":1.0740215554,"R2":0.140309152,"R2_lower_bound":0.0002622012,"R2_upper_bound":0.735612537,"m":1.2942052314,"m_lower_bound":-2.8601409527,"m_upper_bound":6.2187620956,"kendall_tau":0.2888888889,"kendall_tau_lower_bound":-0.4210526316,"kendall_tau_upper_bound":0.8095238095},"DDM\/FEP\/MBAR\/ParamChem":{"sid":"16","RMSE":3.1970924291,"RMSE_lower_bound":2.6572636301,"RMSE_upper_bound":3.6448882013,"MAE":3.07,"MAE_lower_bound":2.489,"MAE_upper_bound":3.596,"ME":-0.406,"ME_lower_bound":-2.356,"ME_upper_bound":1.536,"R2":0.1329581023,"R2_lower_bound":0.0010412119,"R2_upper_bound":0.5158642086,"m":-2.1616901408,"m_lower_bound":-6.4974428912,"m_upper_bound":1.1478238743,"kendall_tau":-0.1111111111,"kendall_tau_lower_bound":-0.6,"kendall_tau_upper_bound":0.4146341463},"DD\/GROMOS-53A6_glyc\/SPC\/MD":{"sid":"11","RMSE":4.1207159572,"RMSE_lower_bound":3.0754496131,"RMSE_upper_bound":5.3239902534,"MAE":3.716,"MAE_lower_bound":2.5126789325,"MAE_upper_bound":5.0779562369,"ME":-3.63,"ME_lower_bound":-5.0517397313,"ME_upper_bound":-2.0859603925,"R2":0.0004130673,"R2_lower_bound":0.0001639574,"R2_upper_bound":0.7638221909,"m":-0.0764587525,"m_lower_bound":-4.2179528265,"m_upper_bound":4.1908440964,"kendall_tau":0.119352479,"kendall_tau_lower_bound":-0.6,"kendall_tau_upper_bound":0.6923076923},"APR\/GAFF2\/TIP3P\/MD-US\/MBAR":{"sid":"21","RMSE":4.1672052985,"RMSE_lower_bound":2.9139698148,"RMSE_upper_bound":5.5830344033,"MAE":3.832,"MAE_lower_bound":2.5480868206,"MAE_upper_bound":5.1907546612,"ME":-3.832,"ME_lower_bound":-5.1890462506,"ME_upper_bound":-2.5297038185,"R2":0.2151286819,"R2_lower_bound":0.000654227,"R2_upper_bound":0.7835043384,"m":-1.2519919517,"m_lower_bound":-3.6457348865,"m_upper_bound":2.165004608,"kendall_tau":-0.2,"kendall_tau_lower_bound":-0.7837837838,"kendall_tau_upper_bound":0.5},"APR\/OFF2.0.0\/TIP3P\/MD-US\/MBAR":{"sid":"23","RMSE":4.3154744814,"RMSE_lower_bound":2.634910864,"RMSE_upper_bound":6.0443593019,"MAE":3.426,"MAE_lower_bound":1.892177948,"MAE_upper_bound":5.350175602,"ME":-3.426,"ME_lower_bound":-5.3134127862,"ME_upper_bound":-1.6131078079,"R2":0.11718984,"R2_lower_bound":0.0003639221,"R2_upper_bound":0.6437919126,"m":-1.6558953722,"m_lower_bound":-7.1723068164,"m_upper_bound":1.9071929936,"kendall_tau":-0.1555555556,"kendall_tau_lower_bound":-0.756097561,"kendall_tau_upper_bound":0.4054054054},"APR\/OFF1.2.0\/TIP3P\/MD-US\/MBAR":{"sid":"22","RMSE":4.4120550767,"RMSE_lower_bound":2.7907520675,"RMSE_upper_bound":6.0459916183,"MAE":3.737,"MAE_lower_bound":2.1704433491,"MAE_upper_bound":5.4509543032,"ME":-3.737,"ME_lower_bound":-5.4423918362,"ME_upper_bound":-2.0942310505,"R2":0.07689141,"R2_lower_bound":0.000223239,"R2_upper_bound":0.6392981374,"m":-1.2002816901,"m_lower_bound":-5.8708040662,"m_upper_bound":2.2218958434,"kendall_tau":-0.0666666667,"kendall_tau_lower_bound":-0.756097561,"kendall_tau_upper_bound":0.4358974359},"MD\/GAFF-RESP\/TIP4PEW\/MM-PBSA":{"sid":"13","RMSE":15.3281936313,"RMSE_lower_bound":13.9491209741,"RMSE_upper_bound":16.7169355011,"MAE":15.226,"MAE_lower_bound":13.8144567664,"MAE_upper_bound":16.6078275529,"ME":15.226,"ME_lower_bound":13.8144567664,"ME_upper_bound":16.6078275529,"R2":0.7791082298,"R2_lower_bound":0.085988052,"R2_upper_bound":0.9538760485,"m":3.8803219316,"m_lower_bound":1.1093131159,"m_upper_bound":6.3517770014,"kendall_tau":0.449466575,"kendall_tau_lower_bound":-0.15,"kendall_tau_upper_bound":0.95},"MD\/GAFF-RESP\/TIP4PEW\/MM-GBSA":{"sid":"12","RMSE":18.4689060315,"RMSE_lower_bound":17.179586921,"RMSE_upper_bound":19.7893192744,"MAE":18.397,"MAE_lower_bound":17.0780103537,"MAE_upper_bound":19.7100290531,"ME":18.397,"ME_lower_bound":17.0780103537,"ME_upper_bound":19.7100290531,"R2":0.6520685921,"R2_lower_bound":0.057641566,"R2_upper_bound":0.9222701329,"m":3.2461167002,"m_lower_bound":0.7606603966,"m_upper_bound":7.2840931217,"kendall_tau":0.6444444444,"kendall_tau_lower_bound":-0.05,"kendall_tau_upper_bound":1.0},"MD\/GAFF-RESP\/TIP4PEW\/MM-GBSA_2":{"sid":"15","RMSE":18.4689060315,"RMSE_lower_bound":17.1664614645,"RMSE_upper_bound":19.775460386,"MAE":18.397,"MAE_lower_bound":17.0506701649,"MAE_upper_bound":19.7120320258,"ME":18.397,"ME_lower_bound":17.0506701649,"ME_upper_bound":19.7120320258,"R2":0.6520685921,"R2_lower_bound":0.057615377,"R2_upper_bound":0.9229264061,"m":3.2461167002,"m_lower_bound":0.7489283957,"m_upper_bound":7.1461512035,"kendall_tau":0.6444444444,"kendall_tau_lower_bound":-0.0476190476,"kendall_tau_upper_bound":1.0},"PMF\/GAFF-RESP\/TIP4PEW\/SMD":{"sid":"10","RMSE":27.2617521447,"RMSE_lower_bound":22.810618877,"RMSE_upper_bound":31.3712469403,"MAE":26.383,"MAE_lower_bound":22.1988530214,"MAE_upper_bound":30.7687041808,"ME":26.383,"ME_lower_bound":22.1988530214,"ME_upper_bound":30.7687041808,"R2":0.0032766941,"R2_lower_bound":0.0000802884,"R2_upper_bound":0.5418111749,"m":-0.7830583501,"m_lower_bound":-11.6749288793,"m_upper_bound":12.9269967047,"kendall_tau":0.0222222222,"kendall_tau_lower_bound":-0.5263157895,"kendall_tau_upper_bound":0.5555555556}}