{"ATM\/FFENGINE\/TIP3P\/HREM":{"sid":"14","RMSE":1.8578589828,"RMSE_lower_bound":1.2931710336,"RMSE_upper_bound":4.2538105235,"MAE":1.602,"MAE_lower_bound":1.0193253516,"MAE_upper_bound":3.6787058879,"ME":-0.938,"ME_lower_bound":-2.8683392684,"ME_upper_bound":1.0849994997,"R2":0.140309152,"R2_lower_bound":0.0002402904,"R2_upper_bound":0.7401008543,"m":1.2942052314,"m_lower_bound":-2.9886479123,"m_upper_bound":6.2980625409,"kendall_tau":0.2888888889,"kendall_tau_lower_bound":-0.4146341463,"kendall_tau_upper_bound":0.8048780488},"DDM\/FEP\/MBAR\/ParamChem":{"sid":"16","RMSE":3.1970924291,"RMSE_lower_bound":2.6546600536,"RMSE_upper_bound":3.6454807639,"MAE":3.07,"MAE_lower_bound":2.495,"MAE_upper_bound":3.593,"ME":-0.406,"ME_lower_bound":-2.316,"ME_upper_bound":1.553,"R2":0.1329581023,"R2_lower_bound":0.0012043417,"R2_upper_bound":0.5251037537,"m":-2.1616901408,"m_lower_bound":-6.9914617756,"m_upper_bound":0.9966985524,"kendall_tau":-0.1111111111,"kendall_tau_lower_bound":-0.6097560976,"kendall_tau_upper_bound":0.4},"DD\/GROMOS-53A6_glyc\/SPC\/MD":{"sid":"11","RMSE":4.1207159572,"RMSE_lower_bound":3.0405801898,"RMSE_upper_bound":5.3353037339,"MAE":3.716,"MAE_lower_bound":2.511806881,"MAE_upper_bound":5.0725509481,"ME":-3.63,"ME_lower_bound":-5.0505563317,"ME_upper_bound":-2.0919554113,"R2":0.0004130673,"R2_lower_bound":0.000181793,"R2_upper_bound":0.7491659896,"m":-0.0764587525,"m_lower_bound":-4.0880177293,"m_upper_bound":4.0753632843,"kendall_tau":0.119352479,"kendall_tau_lower_bound":-0.6097560976,"kendall_tau_upper_bound":0.7},"MD\/GAFF-RESP\/TIP4PEW\/MM-PBSA":{"sid":"13","RMSE":15.3281936313,"RMSE_lower_bound":13.9454573914,"RMSE_upper_bound":16.7310922371,"MAE":15.226,"MAE_lower_bound":13.8138710296,"MAE_upper_bound":16.6168516171,"ME":15.226,"ME_lower_bound":13.8138710296,"ME_upper_bound":16.6168516171,"R2":0.7791082298,"R2_lower_bound":0.0706695648,"R2_upper_bound":0.9561481663,"m":3.8803219316,"m_lower_bound":1.1397635593,"m_upper_bound":6.3372016136,"kendall_tau":0.449466575,"kendall_tau_lower_bound":-0.15,"kendall_tau_upper_bound":0.9512195122},"MD\/GAFF-RESP\/TIP4PEW\/MM-GBSA":{"sid":"12","RMSE":18.4689060315,"RMSE_lower_bound":17.1640664945,"RMSE_upper_bound":19.7987184606,"MAE":18.397,"MAE_lower_bound":17.0482286532,"MAE_upper_bound":19.7311680809,"ME":18.397,"ME_lower_bound":17.0482286532,"ME_upper_bound":19.7311680809,"R2":0.6520685921,"R2_lower_bound":0.0513779693,"R2_upper_bound":0.9206950803,"m":3.2461167002,"m_lower_bound":0.7022818905,"m_upper_bound":7.2622061751,"kendall_tau":0.6444444444,"kendall_tau_lower_bound":-0.05,"kendall_tau_upper_bound":1.0},"MD\/GAFF-RESP\/TIP4PEW\/MM-GBSA_2":{"sid":"15","RMSE":18.4689060315,"RMSE_lower_bound":17.1501479349,"RMSE_upper_bound":19.8016094202,"MAE":18.397,"MAE_lower_bound":17.048906045,"MAE_upper_bound":19.7153578817,"ME":18.397,"ME_lower_bound":17.048906045,"ME_upper_bound":19.7153578817,"R2":0.6520685921,"R2_lower_bound":0.0532987688,"R2_upper_bound":0.9226935316,"m":3.2461167002,"m_lower_bound":0.7475840034,"m_upper_bound":7.2410809385,"kendall_tau":0.6444444444,"kendall_tau_lower_bound":-0.05,"kendall_tau_upper_bound":1.0},"PMF\/GAFF-RESP\/TIP4PEW\/SMD":{"sid":"10","RMSE":27.2617521447,"RMSE_lower_bound":22.579615956,"RMSE_upper_bound":31.3288431334,"MAE":26.383,"MAE_lower_bound":21.9889100646,"MAE_upper_bound":30.7056602043,"ME":26.383,"ME_lower_bound":21.9889100646,"ME_upper_bound":30.7056602043,"R2":0.0032766941,"R2_lower_bound":0.000068251,"R2_upper_bound":0.5580875854,"m":-0.7830583501,"m_lower_bound":-12.1801174292,"m_upper_bound":12.8925472797,"kendall_tau":0.0222222222,"kendall_tau_lower_bound":-0.55,"kendall_tau_upper_bound":0.5609756098}}