{"5":{"Sensitivity":0.1377820451,"Sensitivity_lower_bound":0.1228915663,"Sensitivity_upper_bound":0.1529080675,"Specificity":0.938288081,"Specificity_lower_bound":0.9360908316,"Specificity_upper_bound":0.9405328368,"Precision":0.096665544,"Precision_lower_bound":0.0860361898,"Precision_upper_bound":0.1074351978,"Balanced Accuracy":0.5380350631,"Balanced Accuracy_lower_bound":0.5305146395,"Balanced Accuracy_upper_bound":0.5456388492,"Accuracy":0.9016753398,"Accuracy_lower_bound":0.8989965527,"Accuracy_upper_bound":0.9044199987,"MCC":0.0643763435,"MCC_lower_bound":0.0516295033,"MCC_upper_bound":0.0771414545,"Cohen Kappa":0.063260993,"Cohen Kappa_lower_bound":0.0507165465,"Cohen Kappa_upper_bound":0.075830394,"Youdens J":0.0760701261,"Youdens J_lower_bound":0.061029279,"Youdens J_upper_bound":0.0912776983,"True Positive":287,"True Positive_lower_bound":253.0,"True Positive_upper_bound":321.0,"False Negative":1796,"False Negative_lower_bound":1715.0,"False Negative_upper_bound":1879.0,"True Negative":40778,"True Negative_lower_bound":40650.0,"True Negative_upper_bound":40905.0,"False Positive":2682,"False Positive_lower_bound":2584.0,"False Positive_upper_bound":2778.0},"9":{"Sensitivity":0.0950552088,"Sensitivity_lower_bound":0.08258187,"Sensitivity_upper_bound":0.1080188679,"Specificity":0.9783479061,"Specificity_lower_bound":0.9769451787,"Specificity_upper_bound":0.9797026741,"Precision":0.1738366989,"Precision_lower_bound":0.1520979021,"Precision_upper_bound":0.1960276339,"Balanced Accuracy":0.5367015575,"Balanced Accuracy_lower_bound":0.5304437189,"Balanced Accuracy_upper_bound":0.5431483256,"Accuracy":0.9379487517,"Accuracy_lower_bound":0.9357530246,"Accuracy_upper_bound":0.9402103507,"MCC":0.0982044295,"MCC_lower_bound":0.0821570817,"MCC_upper_bound":0.1148387357,"Cohen Kappa":0.093594869,"Cohen Kappa_lower_bound":0.0781238066,"Cohen Kappa_upper_bound":0.1096022948,"Youdens J":0.073403115,"Youdens J_lower_bound":0.0608874378,"Youdens J_upper_bound":0.0862966512,"True Positive":198,"True Positive_lower_bound":171.0,"True Positive_upper_bound":226.0,"False Negative":1885,"False Negative_lower_bound":1803.0,"False Negative_upper_bound":1968.0,"True Negative":42519,"True Negative_lower_bound":42416.0,"True Negative_upper_bound":42623.0,"False Positive":941,"False Positive_lower_bound":882.0,"False Positive_upper_bound":1002.0},"3":{"Sensitivity":0.0825732117,"Sensitivity_lower_bound":0.0710784314,"Sensitivity_upper_bound":0.0948113208,"Specificity":0.9430280718,"Specificity_lower_bound":0.9408348123,"Specificity_upper_bound":0.9452483379,"Precision":0.0649546828,"Precision_lower_bound":0.0558510638,"Precision_upper_bound":0.0746554364,"Balanced Accuracy":0.5128006418,"Balanced Accuracy_lower_bound":0.5069184529,"Balanced Accuracy_upper_bound":0.5190346271,"Accuracy":0.9036734515,"Accuracy_lower_bound":0.9009507498,"Accuracy_upper_bound":0.9064181104,"MCC":0.0228554043,"MCC_lower_bound":0.0123518468,"MCC_upper_bound":0.0339157086,"Cohen Kappa":0.022673631,"Cohen Kappa_lower_bound":0.0122521152,"Cohen Kappa_upper_bound":0.0336358066,"Youdens J":0.0256012835,"Youdens J_lower_bound":0.0138369058,"Youdens J_upper_bound":0.0380692541,"True Positive":172,"True Positive_lower_bound":147.0,"True Positive_upper_bound":199.0,"False Negative":1911,"False Negative_lower_bound":1826.0,"False Negative_upper_bound":1995.0,"True Negative":40984,"True Negative_lower_bound":40857.0,"True Negative_upper_bound":41111.0,"False Positive":2476,"False Positive_lower_bound":2380.0,"False Positive_upper_bound":2572.0},"4":{"Sensitivity":0.0566490639,"Sensitivity_lower_bound":0.0469667319,"Sensitivity_upper_bound":0.0668246445,"Specificity":0.9649102623,"Specificity_lower_bound":0.9631869395,"Specificity_upper_bound":0.9666406106,"Precision":0.0718198418,"Precision_lower_bound":0.0594727161,"Precision_upper_bound":0.0847044485,"Balanced Accuracy":0.5107796631,"Balanced Accuracy_lower_bound":0.5058454259,"Balanced Accuracy_upper_bound":0.5160038931,"Accuracy":0.9233691237,"Accuracy_lower_bound":0.920887952,"Accuracy_upper_bound":0.9258063808,"MCC":0.0241531421,"MCC_lower_bound":0.0130988896,"MCC_upper_bound":0.0358596226,"Cohen Kappa":0.023969582,"Cohen Kappa_lower_bound":0.0129795293,"Cohen Kappa_upper_bound":0.035543543,"Youdens J":0.0215593262,"Youdens J_lower_bound":0.0116908518,"Youdens J_upper_bound":0.0320077862,"True Positive":118,"True Positive_lower_bound":97.0,"True Positive_upper_bound":140.0,"False Negative":1965,"False Negative_lower_bound":1882.0,"False Negative_upper_bound":2051.0,"True Negative":41935,"True Negative_lower_bound":41821.0,"True Negative_upper_bound":42046.0,"False Positive":1525,"False Positive_lower_bound":1450.0,"False Positive_upper_bound":1600.0},"6":{"Sensitivity":0.0513682189,"Sensitivity_lower_bound":0.0420127015,"Sensitivity_upper_bound":0.0608237548,"Specificity":0.9796134376,"Specificity_lower_bound":0.9782593692,"Specificity_upper_bound":0.9809075816,"Precision":0.10775428,"Precision_lower_bound":0.0888888889,"Precision_upper_bound":0.1272365805,"Balanced Accuracy":0.5154908283,"Balanced Accuracy_lower_bound":0.5107908356,"Balanced Accuracy_upper_bound":0.5202782216,"Accuracy":0.93715829,"Accuracy_lower_bound":0.9349625629,"Accuracy_upper_bound":0.9393759744,"MCC":0.0443195817,"MCC_lower_bound":0.0309575792,"MCC_upper_bound":0.0578349012,"Cohen Kappa":0.0412594519,"Cohen Kappa_lower_bound":0.0288552221,"Cohen Kappa_upper_bound":0.053915506,"Youdens J":0.0309816566,"Youdens J_lower_bound":0.0215816712,"Youdens J_upper_bound":0.0405564432,"True Positive":107,"True Positive_lower_bound":87.0,"True Positive_upper_bound":128.0,"False Negative":1976,"False Negative_lower_bound":1892.0,"False Negative_upper_bound":2061.0,"True Negative":42574,"True Negative_lower_bound":42471.0,"True Negative_upper_bound":42676.0,"False Positive":886,"False Positive_lower_bound":830.0,"False Positive_upper_bound":945.0},"8":{"Sensitivity":0.0369659145,"Sensitivity_lower_bound":0.0291447683,"Sensitivity_upper_bound":0.0454091816,"Specificity":0.9613437644,"Specificity_lower_bound":0.959547149,"Specificity_upper_bound":0.9631941405,"Precision":0.0438247012,"Precision_lower_bound":0.0345413364,"Precision_upper_bound":0.0537572254,"Balanced Accuracy":0.4991548395,"Balanced Accuracy_lower_bound":0.4951331712,"Balanced Accuracy_upper_bound":0.503465925,"Accuracy":0.9190654985,"Accuracy_lower_bound":0.9165843269,"Accuracy_upper_bound":0.9215466702,"MCC":-0.0018336025,"MCC_lower_bound":-0.0105248217,"MCC_upper_bound":0.0075210623,"Cohen Kappa":-0.0018263907,"Cohen Kappa_lower_bound":-0.0104836211,"Cohen Kappa_upper_bound":0.007496206,"Youdens J":-0.0016903211,"Youdens J_lower_bound":-0.0097336576,"Youdens J_upper_bound":0.0069318499,"True Positive":77,"True Positive_lower_bound":61.0,"True Positive_upper_bound":95.0,"False Negative":2006,"False Negative_lower_bound":1921.0,"False Negative_upper_bound":2092.0,"True Negative":41780,"True Negative_lower_bound":41667.0,"True Negative_upper_bound":41894.0,"False Positive":1680,"False Positive_lower_bound":1599.0,"False Positive_upper_bound":1758.0},"2":{"Sensitivity":0.0182429189,"Sensitivity_lower_bound":0.0127298444,"Sensitivity_upper_bound":0.0243055556,"Specificity":0.9770133456,"Specificity_lower_bound":0.9756069524,"Specificity_upper_bound":0.9783864656,"Precision":0.0366441659,"Precision_lower_bound":0.0257142857,"Precision_upper_bound":0.0487046632,"Balanced Accuracy":0.4976281322,"Balanced Accuracy_lower_bound":0.4947942868,"Balanced Accuracy_upper_bound":0.5007228275,"Accuracy":0.9331620666,"Accuracy_lower_bound":0.9308785104,"Accuracy_upper_bound":0.9354456228,"MCC":-0.0066437197,"MCC_lower_bound":-0.0146300316,"MCC_upper_bound":0.0020466964,"Cohen Kappa":-0.006233933,"Cohen Kappa_lower_bound":-0.0137269721,"Cohen Kappa_upper_bound":0.0018986639,"Youdens J":-0.0047437355,"Youdens J_lower_bound":-0.0104114263,"Youdens J_upper_bound":0.001445655,"True Positive":38,"True Positive_lower_bound":26.0,