{"WP6-G10":{"RMSE":1.5615377037,"RMSE_lower_bound":0.9290019853,"RMSE_upper_bound":3.723404305,"MAE":1.255,"MAE_lower_bound":0.7257602378,"MAE_upper_bound":2.742905052,"ME":0.5483333333,"ME_lower_bound":-0.9632357165,"ME_upper_bound":1.776439666},"WP6-G13":{"RMSE":2.2244812129,"RMSE_lower_bound":0.9267520193,"RMSE_upper_bound":4.5887209708,"MAE":1.3233333333,"MAE_lower_bound":0.7306835392,"MAE_upper_bound":3.1778840859,"ME":0.89,"ME_lower_bound":-0.6321848094,"ME_upper_bound":2.5817758775},"WP6-G6":{"RMSE":2.5893966479,"RMSE_lower_bound":1.3596188822,"RMSE_upper_bound":4.461948694,"MAE":1.9358333333,"MAE_lower_bound":1.0753755752,"MAE_upper_bound":3.6093956898,"ME":0.7225,"ME_lower_bound":-1.0485356585,"ME_upper_bound":2.5467063222},"WP6-G3":{"RMSE":2.8348486144,"RMSE_lower_bound":1.3012353263,"RMSE_upper_bound":4.9222866585,"MAE":2.0266666667,"MAE_lower_bound":1.0740394871,"MAE_upper_bound":3.8193360678,"ME":1.5816666667,"ME_lower_bound":-0.126101879,"ME_upper_bound":3.3360492258},"WP6-G11":{"RMSE":2.7232088915,"RMSE_lower_bound":1.7322052547,"RMSE_upper_bound":4.4763602741,"MAE":2.255,"MAE_lower_bound":1.5162997839,"MAE_upper_bound":3.7681030408,"ME":2.0116666667,"ME_lower_bound":0.40883523,"ME_upper_bound":3.4960423175},"WP6-G7":{"RMSE":3.1712563231,"RMSE_lower_bound":2.1424279951,"RMSE_upper_bound":4.8063828545,"MAE":2.6816666667,"MAE_lower_bound":1.7980925793,"MAE_upper_bound":4.2339491705,"ME":2.3133333333,"ME_lower_bound":0.595404591,"ME_upper_bound":3.8856728046},"WP6-G1":{"RMSE":3.5876350149,"RMSE_lower_bound":2.3984928071,"RMSE_upper_bound":5.1840453759,"MAE":2.8591666667,"MAE_lower_bound":1.8457303525,"MAE_upper_bound":4.5697029538,"ME":-0.1241666667,"ME_lower_bound":-2.3369019493,"ME_upper_bound":2.2449678069},"WP6-G8":{"RMSE":3.3453238508,"RMSE_lower_bound":2.3919840961,"RMSE_upper_bound":5.0634783157,"MAE":2.9041666667,"MAE_lower_bound":1.9603304445,"MAE_upper_bound":4.4349310876,"ME":0.2375,"ME_lower_bound":-1.9085891365,"ME_upper_bound":2.4051833421},"WP6-G2":{"RMSE":3.4604563765,"RMSE_lower_bound":2.5807436463,"RMSE_upper_bound":4.9483056377,"MAE":3.1641666667,"MAE_lower_bound":2.1472971154,"MAE_upper_bound":4.5143911509,"ME":2.6475,"ME_lower_bound":0.8142623126,"ME_upper_bound":4.0746543776},"WP6-G12":{"RMSE":3.8812294014,"RMSE_lower_bound":2.7977916057,"RMSE_upper_bound":5.5338467073,"MAE":3.3425,"MAE_lower_bound":2.3068629409,"MAE_upper_bound":4.9537151226,"ME":2.1808333333,"ME_lower_bound":-0.0626794412,"ME_upper_bound":4.1556373527},"WP6-G9":{"RMSE":4.0545077794,"RMSE_lower_bound":2.4902422231,"RMSE_upper_bound":6.1594691609,"MAE":3.365,"MAE_lower_bound":2.208626417,"MAE_upper_bound":5.2203565777,"ME":3.0283333333,"ME_lower_bound":1.1730169005,"ME_upper_bound":4.9567559503},"WP6-G5":{"RMSE":5.1814291786,"RMSE_lower_bound":3.1419822111,"RMSE_upper_bound":7.1970271724,"MAE":3.8025,"MAE_lower_bound":2.1493034314,"MAE_upper_bound":6.1982530044,"ME":3.2608333333,"ME_lower_bound":0.7717752841,"ME_upper_bound":5.8174548125},"bCD-PMT":{"RMSE":12.4927681938,"RMSE_lower_bound":6.7793288753,"RMSE_upper_bound":16.6017417331,"MAE":9.86,"MAE_lower_bound":4.3185714286,"MAE_upper_bound":15.3728571429,"ME":9.3057142857,"ME_lower_bound":3.21,"ME_upper_bound":15.2214285714},"bCD-PMZ":{"RMSE":12.4602854817,"RMSE_lower_bound":7.74330033,"RMSE_upper_bound":15.9392659806,"MAE":10.6142857143,"MAE_lower_bound":5.6914285714,"MAE_upper_bound":15.2828571429,"ME":8.84,"ME_lower_bound":2.0942857143,"ME_upper_bound":15.0528571429},"bCD-TDZ":{"RMSE":13.4116452597,"RMSE_lower_bound":7.5489649243,"RMSE_upper_bound":17.0254658002,"MAE":10.8457142857,"MAE_lower_bound":4.9757142857,"MAE_upper_bound":16.2614285714,"ME":9.5828571429,"ME_lower_bound":2.4571428571,"ME_upper_bound":15.8714285714},"HbCD-PMT":{"RMSE":14.3099046618,"RMSE_lower_bound":8.1101444412,"RMSE_upper_bound":18.052287548,"MAE":11.8428571429,"MAE_lower_bound":5.6628571429,"MAE_upper_bound":17.2271428571,"ME":9.5057142857,"ME_lower_bound":1.3414285714,"ME_upper_bound":16.5957142857},"bCD-CPZ":{"RMSE":15.3936485047,"RMSE_lower_bound":8.5928741242,"RMSE_upper_bound":21.0143869086,"MAE":12.4671428571,"MAE_lower_bound":6.1757142857,"MAE_upper_bound":19.3685714286,"ME":11.1214285714,"ME_lower_bound":3.28,"ME_upper_bound":18.8314285714},"HbCD-TDZ":{"RMSE":15.0208574037,"RMSE_lower_bound":8.2893632359,"RMSE_upper_bound":18.7631066572,"MAE":12.4757142857,"MAE_lower_bound":5.7542857143,"MAE_upper_bound":17.8571428571,"ME":10.01,"ME_lower_bound":0.7928571429,"ME_upper_bound":17.0342857143},"bCD-TFP":{"RMSE":16.8374374535,"RMSE_lower_bound":7.9615953175,"RMSE_upper_bound":23.9766052643,"MAE":13.3014285714,"MAE_lower_bound":6.2514285714,"MAE_upper_bound":21.8242857143,"ME":11.8557142857,"ME_lower_bound":3.2585714286,"ME_upper_bound":21.0814285714},"HbCD-PMZ":{"RMSE":17.5938268395,"RMSE_lower_bound":9.3476559323,"RMSE_upper_bound":25.07931447,"MAE":14.0628571429,"MAE_lower_bound":7.0557142857,"MAE_upper_bound":22.68,"ME":10.9657142857,"ME_lower_bound":1.7328571429,"ME_upper_bound":21.5757142857},"HbCD-CPZ":{"RMSE":18.4417674238,"RMSE_lower_bound":9.8798170891,"RMSE_upper_bound":26.6077947763,"MAE":14.13,"MAE_lower_bound":6.1914285714,"MAE_upper_bound":23.5114285714,"ME":12.2242857143,"ME_lower_bound":2.9057142857,"ME_upper_bound":23.0128571429},"HbCD-TFP":{"RMSE":18.0006940342,"RMSE_lower_bound":9.0340933611,"RMSE_upper_bound":24.7728416964,"MAE":14.3871428571,"MAE_lower_bound":6.7142857143,"MAE_upper_bound":22.63,"ME":11.4871428571,"ME_lower_bound":1.5057142857,"ME_upper_bound":21.7214285714}}