{"WP6-G10":{"RMSE":1.5615377037,"RMSE_lower_bound":0.9214388724,"RMSE_upper_bound":3.64001656,"MAE":1.255,"MAE_lower_bound":0.7200302979,"MAE_upper_bound":2.6774216913,"ME":0.5483333333,"ME_lower_bound":-0.9392370255,"ME_upper_bound":1.8187495018},"WP6-G13":{"RMSE":2.2244812129,"RMSE_lower_bound":0.9224702305,"RMSE_upper_bound":4.5680548871,"MAE":1.3233333333,"MAE_lower_bound":0.7337606607,"MAE_upper_bound":3.2088781854,"ME":0.89,"ME_lower_bound":-0.6139212901,"ME_upper_bound":2.5994196997},"WP6-G6":{"RMSE":2.5893966479,"RMSE_lower_bound":1.350595785,"RMSE_upper_bound":4.4015520563,"MAE":1.9358333333,"MAE_lower_bound":1.0731530372,"MAE_upper_bound":3.5418029307,"ME":0.7225,"ME_lower_bound":-1.0210499691,"ME_upper_bound":2.5053479253},"WP6-G3":{"RMSE":2.8348486144,"RMSE_lower_bound":1.2924447282,"RMSE_upper_bound":4.9065364086,"MAE":2.0266666667,"MAE_lower_bound":1.0702905641,"MAE_upper_bound":3.8175656108,"ME":1.5816666667,"ME_lower_bound":-0.1110855961,"ME_upper_bound":3.3821596262},"WP6-G11":{"RMSE":2.7232088915,"RMSE_lower_bound":1.7502029816,"RMSE_upper_bound":4.4645815175,"MAE":2.255,"MAE_lower_bound":1.5188405498,"MAE_upper_bound":3.7773340476,"ME":2.0116666667,"ME_lower_bound":0.4465185497,"ME_upper_bound":3.4937478115},"WP6-G7":{"RMSE":3.1712563231,"RMSE_lower_bound":2.1629108065,"RMSE_upper_bound":4.782804806,"MAE":2.6816666667,"MAE_lower_bound":1.821711196,"MAE_upper_bound":4.2083381755,"ME":2.3133333333,"ME_lower_bound":0.5867297924,"ME_upper_bound":3.8480810762},"WP6-G1":{"RMSE":3.5876350149,"RMSE_lower_bound":2.4088540374,"RMSE_upper_bound":5.1884682226,"MAE":2.8591666667,"MAE_lower_bound":1.8456631898,"MAE_upper_bound":4.5735789198,"ME":-0.1241666667,"ME_lower_bound":-2.3847944047,"ME_upper_bound":2.2312578075},"WP6-G8":{"RMSE":3.3453238508,"RMSE_lower_bound":2.3519639617,"RMSE_upper_bound":5.0814370406,"MAE":2.9041666667,"MAE_lower_bound":1.943955553,"MAE_upper_bound":4.4365963523,"ME":0.2375,"ME_lower_bound":-1.936484491,"ME_upper_bound":2.4859222988},"WP6-G2":{"RMSE":3.4604563765,"RMSE_lower_bound":2.5941849092,"RMSE_upper_bound":4.9076428314,"MAE":3.1641666667,"MAE_lower_bound":2.1589809812,"MAE_upper_bound":4.4903386425,"ME":2.6475,"ME_lower_bound":0.7803785578,"ME_upper_bound":4.089736113},"WP6-G12":{"RMSE":3.8812294014,"RMSE_lower_bound":2.7605581006,"RMSE_upper_bound":5.5664909177,"MAE":3.3425,"MAE_lower_bound":2.2752007369,"MAE_upper_bound":4.9392030875,"ME":2.1808333333,"ME_lower_bound":-0.0430756648,"ME_upper_bound":4.1464782767},"WP6-G9":{"RMSE":4.0545077794,"RMSE_lower_bound":2.4775431783,"RMSE_upper_bound":6.145277616,"MAE":3.365,"MAE_lower_bound":2.1616326118,"MAE_upper_bound":5.1830003086,"ME":3.0283333333,"ME_lower_bound":1.1815183832,"ME_upper_bound":4.946314921},"WP6-G5":{"RMSE":5.1814291786,"RMSE_lower_bound":3.0884756756,"RMSE_upper_bound":7.1991180185,"MAE":3.8025,"MAE_lower_bound":2.0806263537,"MAE_upper_bound":6.2209355574,"ME":3.2608333333,"ME_lower_bound":0.7040651528,"ME_upper_bound":5.8118474905},"bCD-PMT":{"RMSE":10.479437962,"RMSE_lower_bound":5.0680499208,"RMSE_upper_bound":14.4348914094,"MAE":7.254,"MAE_lower_bound":2.662,"MAE_upper_bound":12.027,"ME":6.162,"ME_lower_bound":1.0,"ME_upper_bound":11.502},"bCD-PMZ":{"RMSE":10.4572386412,"RMSE_lower_bound":5.5834747246,"RMSE_upper_bound":13.8945514501,"MAE":7.834,"MAE_lower_bound":3.619,"MAE_upper_bound":12.171,"ME":5.784,"ME_lower_bound":0.456,"ME_upper_bound":11.175},"bCD-TDZ":{"RMSE":11.2604213953,"RMSE_lower_bound":6.0319209212,"RMSE_upper_bound":15.0340274045,"MAE":8.091,"MAE_lower_bound":3.264,"MAE_upper_bound":13.014,"ME":6.209,"ME_lower_bound":0.49,"ME_upper_bound":12.115},"bCD-CPZ":{"RMSE":12.926589264,"RMSE_lower_bound":6.1355480603,"RMSE_upper_bound":18.1712946704,"MAE":9.279,"MAE_lower_bound":3.939,"MAE_upper_bound":15.227,"ME":7.233,"ME_lower_bound":0.906,"ME_upper_bound":14.146},"bCD-TFP":{"RMSE":14.1400364215,"RMSE_lower_bound":6.3890867892,"RMSE_upper_bound":20.8295484829,"MAE":9.963,"MAE_lower_bound":4.365,"MAE_upper_bound":16.72,"ME":7.647,"ME_lower_bound":0.893,"ME_upper_bound":15.536},"HbCD-PMT":{"RMSE":12.3849364149,"RMSE_lower_bound":7.4043277885,"RMSE_upper_bound":16.1079219641,"MAE":10.025,"MAE_lower_bound":5.615,"MAE_upper_bound":14.6,"ME":4.919,"ME_lower_bound":-2.043,"ME_upper_bound":12.058},"HbCD-TDZ":{"RMSE":13.0162533012,"RMSE_lower_bound":7.722647862,"RMSE_upper_bound":16.8322693063,"MAE":10.581,"MAE_lower_bound":6.005,"MAE_upper_bound":15.343,"ME":5.159,"ME_lower_bound":-2.182,"ME_upper_bound":12.589},"HbCD-PMZ":{"RMSE":14.9302414582,"RMSE_lower_bound":7.0899196046,"RMSE_upper_bound":21.8478912026,"MAE":11.211,"MAE_lower_bound":5.601,"MAE_upper_bound":17.836,"ME":6.309,"ME_lower_bound":-1.793,"ME_upper_bound":15.289},"HbCD-CPZ":{"RMSE":15.6504245949,"RMSE_lower_bound":7.2507496164,"RMSE_upper_bound":22.6962805323,"MAE":11.319,"MAE_lower_bound":5.174,"MAE_upper_bound":18.475,"ME":7.129,"ME_lower_bound":-1.102,"ME_upper_bound":16.265},"HbCD-TFP":{"RMSE":15.582099666,"RMSE_lower_bound":8.3828103879,"RMSE_upper_bound":21.9565024537,"MAE":12.229,"MAE_lower_bound":6.684,"MAE_upper_bound":18.75,"ME":5.883,"ME_lower_bound":-2.609,"ME_upper_bound":15.445}}