{"DOCKING\/SMINA\/VINARDO":{"sid":"1","RMSE":1.7021432568,"RMSE_lower_bound":1.7092880616,"RMSE_upper_bound":5.3086974078,"MAE":1.3625,"MAE_lower_bound":1.3413459086,"MAE_upper_bound":4.5289399887,"ME":-0.3941666667,"ME_lower_bound":-2.9452330268,"ME_upper_bound":2.1293223982,"R2":0.1392734532,"R2_lower_bound":0.0002714454,"R2_upper_bound":0.6838500957,"m":0.1845068324,"m_lower_bound":-1.2159596337,"m_upper_bound":1.6178102695,"kendall_tau":0.3333333333,"kendall_tau_lower_bound":-0.5625,"kendall_tau_upper_bound":0.7090909091},"MACHINE-LEARNING\/NNET\/DRAGON-descriptors":{"sid":"3","RMSE":2.0439035365,"RMSE_lower_bound":1.161709581,"RMSE_upper_bound":2.9971196398,"MAE":1.5725,"MAE_lower_bound":0.8966828728,"MAE_upper_bound":2.5169187559,"ME":0.6175,"ME_lower_bound":-0.6356453258,"ME_upper_bound":1.7526208343,"R2":0.1483268846,"R2_lower_bound":0.0004293543,"R2_upper_bound":0.7989185623,"m":0.3795203482,"m_lower_bound":-0.3525523499,"m_upper_bound":1.1311604147,"kendall_tau":0.2121212121,"kendall_tau_lower_bound":-0.4193548387,"kendall_tau_upper_bound":0.8},"ELIE\/GAFF2-ABCG2\/TIP3P\/MD\/MMPBSA":{"sid":"8","RMSE":2.485229701,"RMSE_lower_bound":1.3845590323,"RMSE_upper_bound":3.9407361755,"MAE":1.935,"MAE_lower_bound":1.0916550483,"MAE_upper_bound":3.2266914267,"ME":1.93,"ME_lower_bound":0.7922435144,"ME_upper_bound":3.1557287373,"R2":0.396731234,"R2_lower_bound":0.0038983456,"R2_upper_bound":0.8788852008,"m":0.6635253927,"m_lower_bound":-0.0786409648,"m_upper_bound":1.3721437403,"kendall_tau":0.5038314737,"kendall_tau_lower_bound":-0.1666666667,"kendall_tau_upper_bound":0.868852459},"EE\/Openff-2.0\/TIP3P\/MD-EE\/All_data":{"sid":"5","RMSE":2.5851176633,"RMSE_lower_bound":1.7647092971,"RMSE_upper_bound":3.4848650558,"MAE":2.1716666667,"MAE_lower_bound":1.3902199699,"MAE_upper_bound":3.1184731775,"ME":0.52,"ME_lower_bound":-1.0569436965,"ME_upper_bound":1.9343703853,"R2":0.6433941017,"R2_lower_bound":0.2599370931,"R2_upper_bound":0.8898121805,"m":1.6863639266,"m_lower_bound":0.9036204493,"m_upper_bound":2.3805141581,"kendall_tau":0.6363636364,"kendall_tau_lower_bound":0.1724137931,"kendall_tau_upper_bound":0.9322033898},"EE\/Openff-2.0\/TIP3P\/MD-EE\/WL_RL.02_L.01":{"sid":"4","RMSE":2.6459938272,"RMSE_lower_bound":1.699115701,"RMSE_upper_bound":3.6597208313,"MAE":2.16,"MAE_lower_bound":1.322148855,"MAE_upper_bound":3.1640177764,"ME":0.4833333333,"ME_lower_bound":-1.1534554317,"ME_upper_bound":1.9203065566,"R2":0.6261106557,"R2_lower_bound":0.2484273109,"R2_upper_bound":0.8886994275,"m":1.6838230599,"m_lower_bound":0.8972968851,"m_upper_bound":2.400200006,"kendall_tau":0.6060606061,"kendall_tau_lower_bound":0.1666666667,"kendall_tau_upper_bound":0.9298245614},"DDM\/AMOEBA\/BAR":{"sid":"7","RMSE":2.7443608849,"RMSE_lower_bound":1.6285091016,"RMSE_upper_bound":5.1910915491,"MAE":1.955,"MAE_lower_bound":1.2714638602,"MAE_upper_bound":4.249331376,"ME":-0.6016666667,"ME_lower_bound":-2.7067082475,"ME_upper_bound":1.6443424221,"R2":0.5704359597,"R2_lower_bound":0.094341301,"R2_upper_bound":0.8793137412,"m":1.6003389596,"m_lower_bound":0.573629424,"m_upper_bound":2.9945403187,"kendall_tau":0.5757575758,"kendall_tau_lower_bound":0.0508474576,"kendall_tau_upper_bound":0.873015873},"EE\/Openff-2.0\/TIP3P\/MD-EE\/RL_8_only":{"sid":"6","RMSE":2.8220766585,"RMSE_lower_bound":1.9132183593,"RMSE_upper_bound":3.751361821,"MAE":2.4433333333,"MAE_lower_bound":1.6078898701,"MAE_upper_bound":3.3959773893,"ME":1.1866666667,"ME_lower_bound":-0.4240137987,"ME_upper_bound":2.597387443,"R2":0.7142890798,"R2_lower_bound":0.3453193519,"R2_upper_bound":0.9200961461,"m":1.8505172194,"m_lower_bound":1.1201731091,"m_upper_bound":2.5660237792,"kendall_tau":0.696969697,"kendall_tau_lower_bound":0.3442622951,"kendall_tau_upper_bound":1.0},"EE\/Openff-2.0\/TIP3P\/MD-EE\/WL_RL.02_L.01\/corrected":{"sid":"17","RMSE":2.9607150037,"RMSE_lower_bound":2.0496292728,"RMSE_upper_bound":3.891817982,"MAE":2.61,"MAE_lower_bound":1.7381956741,"MAE_upper_bound":3.5400183073,"ME":2.0766666667,"ME_lower_bound":0.749742496,"ME_upper_bound":3.3243263586,"R2":0.5442897609,"R2_lower_bound":0.0529093118,"R2_upper_bound":0.8927562347,"m":1.2694356349,"m_lower_bound":0.3250954194,"m_upper_bound":2.0492101479,"kendall_tau":0.4848484848,"kendall_tau_lower_bound":-0.1034482759,"kendall_tau_upper_bound":0.9016393443},"APR\/OFF1.2.0\/TIP3P\/MD-US\/MBAR":{"sid":"19","RMSE":3.1305563936,"RMSE_lower_bound":1.5674765734,"RMSE_upper_bound":4.9780478578,"MAE":2.245,"MAE_lower_bound":1.2379141623,"MAE_upper_bound":3.8978725876,"ME":1.5033333333,"ME_lower_bound":-0.1460990524,"ME_upper_bound":3.3607624647,"R2":0.0926116727,"R2_lower_bound":0.0003392423,"R2_upper_bound":0.7148547891,"m":0.4653324678,"m_lower_bound":-0.9752686999,"m_upper_bound":1.4289717679,"kendall_tau":0.2121212121,"kendall_tau_lower_bound":-0.4,"kendall_tau_upper_bound":0.7142857143},"vDSSB\/GAFF2\/OPC3\/HREM":{"sid":"2","RMSE":3.7457353528,"RMSE_lower_bound":2.5961332347,"RMSE_upper_bound":5.9075260212,"MAE":3.3916666667,"MAE_lower_bound":2.094445273,"MAE_upper_bound":5.2697694073,"ME":3.13,"ME_lower_bound":1.1434756243,"ME_upper_bound":5.0506247431,"R2":0.4399381928,"R2_lower_bound":0.0022008275,"R2_upper_bound":0.829568284,"m":1.030075348,"m_lower_bound":-0.3009995076,"m_upper_bound":2.0791034017,"kendall_tau":0.442760992,"kendall_tau_lower_bound":-0.2333333333,"kendall_tau_upper_bound":0.8387096774},"APR\/OFF2.0.0\/TIP3P\/MD-US\/MBAR":{"sid":"20","RMSE":3.8149497594,"RMSE_lower_bound":2.0614490875,"RMSE_upper_bound":5.8985548584,"MAE":2.8941666667,"MAE_lower_bound":1.6665257779,"MAE_upper_bound":4.7071370337,"ME":2.7508333333,"ME_lower_bound":1.1746921781,"ME_upper_bound":4.5713857997,"R2":0.1080568852,"R2_lower_bound":0.0002783073,"R2_upper_bound":0.7860463973,"m":0.4883971521,"m_lower_bound":-1.0058568049,"m_upper_bound":1.4211154505,"kendall_tau":0.2121212121,"kendall_tau_lower_bound":-0.4098360656,"kendall_tau_upper_bound":0.7627118644},"APR\/GAFF2\/TIP3P\/MD-US\/MBAR":{"sid":"18","RMSE":6.6638208509,"RMSE_lower_bound":5.3297167255,"RMSE_upper_bound":8.019804996,"MAE":6.1741666667,"MAE_lower_bound":4.6014052429,"MAE_upper_bound":7.745498861,"ME":6.0958333333,"ME_lower_bound":4.3102796372,"ME_upper_bound":7.7310740717,"R2":0.0827488742,"R2_lower_bound":0.0002315556,"R2_upper_bound":0.6912358019,"m":0.4227017794,"m_lower_bound":-0.9250040039,"m_upper_bound":1.2230575581,"kendall_tau":0.2727272727,"kendall_tau_lower_bound":-0.3770491803,"kendall_tau_upper_bound":0.7333333333}}