{"DOCKING\/SMINA\/VINARDO":{"sid":"1","RMSE":1.7021432568,"RMSE_lower_bound":1.6818112576,"RMSE_upper_bound":5.2934560635,"MAE":1.3625,"MAE_lower_bound":1.3206887466,"MAE_upper_bound":4.5343641525,"ME":-0.3941666667,"ME_lower_bound":-2.9105672954,"ME_upper_bound":2.2047633413,"R2":0.1392734532,"R2_lower_bound":0.0002060328,"R2_upper_bound":0.6743518894,"m":0.1845068324,"m_lower_bound":-1.2806766681,"m_upper_bound":1.6116914623,"kendall_tau":0.3333333333,"kendall_tau_lower_bound":-0.5483870968,"kendall_tau_upper_bound":0.6949152542},"MACHINE-LEARNING\/NNET\/DRAGON-descriptors":{"sid":"3","RMSE":2.0439035365,"RMSE_lower_bound":1.1461277897,"RMSE_upper_bound":3.0336200558,"MAE":1.5725,"MAE_lower_bound":0.8819345932,"MAE_upper_bound":2.529159021,"ME":0.6175,"ME_lower_bound":-0.6566585434,"ME_upper_bound":1.7359107044,"R2":0.1483268846,"R2_lower_bound":0.0004212504,"R2_upper_bound":0.794775307,"m":0.3795203482,"m_lower_bound":-0.3783346694,"m_upper_bound":1.1327940464,"kendall_tau":0.2121212121,"kendall_tau_lower_bound":-0.4482758621,"kendall_tau_upper_bound":0.8},"ELIE\/GAFF2-ABCG2\/TIP3P\/MD\/MMPBSA":{"sid":"8","RMSE":2.485229701,"RMSE_lower_bound":1.3584284501,"RMSE_upper_bound":3.9808135099,"MAE":1.935,"MAE_lower_bound":1.0762682912,"MAE_upper_bound":3.2641076132,"ME":1.93,"ME_lower_bound":0.7801382395,"ME_upper_bound":3.2061502088,"R2":0.396731234,"R2_lower_bound":0.0038283202,"R2_upper_bound":0.8824838672,"m":0.6635253927,"m_lower_bound":-0.1063765779,"m_upper_bound":1.3835339868,"kendall_tau":0.5038314737,"kendall_tau_lower_bound":-0.186440678,"kendall_tau_upper_bound":0.8709677419},"EE\/Openff-2.0\/TIP3P\/MD-EE\/All_data":{"sid":"5","RMSE":2.5851176633,"RMSE_lower_bound":1.7751155342,"RMSE_upper_bound":3.477030016,"MAE":2.1716666667,"MAE_lower_bound":1.3897238644,"MAE_upper_bound":3.1134635873,"ME":0.52,"ME_lower_bound":-1.0901382238,"ME_upper_bound":1.90255077,"R2":0.6433941017,"R2_lower_bound":0.2455685674,"R2_upper_bound":0.8911529551,"m":1.6863639266,"m_lower_bound":0.8977478458,"m_upper_bound":2.3939035084,"kendall_tau":0.6363636364,"kendall_tau_lower_bound":0.1746031746,"kendall_tau_upper_bound":0.9310344828},"EE\/Openff-2.0\/TIP3P\/MD-EE\/WL_RL.02_L.01":{"sid":"4","RMSE":2.6459938272,"RMSE_lower_bound":1.6996423464,"RMSE_upper_bound":3.663672921,"MAE":2.16,"MAE_lower_bound":1.3219570141,"MAE_upper_bound":3.1888582682,"ME":0.4833333333,"ME_lower_bound":-1.1369383621,"ME_upper_bound":1.9018862386,"R2":0.6261106557,"R2_lower_bound":0.2464554457,"R2_upper_bound":0.8862367468,"m":1.6838230599,"m_lower_bound":0.9104227621,"m_upper_bound":2.3888178282,"kendall_tau":0.6060606061,"kendall_tau_lower_bound":0.1746031746,"kendall_tau_upper_bound":0.9310344828},"DDM\/AMOEBA\/BAR":{"sid":"7","RMSE":2.7443608849,"RMSE_lower_bound":1.6549809908,"RMSE_upper_bound":5.1481954871,"MAE":1.955,"MAE_lower_bound":1.274328101,"MAE_upper_bound":4.2162205403,"ME":-0.6016666667,"ME_lower_bound":-2.6847249749,"ME_upper_bound":1.6777904837,"R2":0.5704359597,"R2_lower_bound":0.0964188436,"R2_upper_bound":0.8817071719,"m":1.6003389596,"m_lower_bound":0.5608473839,"m_upper_bound":2.9423563437,"kendall_tau":0.5757575758,"kendall_tau_lower_bound":0.0491803279,"kendall_tau_upper_bound":0.8888888889},"EE\/Openff-2.0\/TIP3P\/MD-EE\/RL_8_only":{"sid":"6","RMSE":2.8220766585,"RMSE_lower_bound":1.897906622,"RMSE_upper_bound":3.7533189668,"MAE":2.4433333333,"MAE_lower_bound":1.6051104109,"MAE_upper_bound":3.4018204826,"ME":1.1866666667,"ME_lower_bound":-0.3880295065,"ME_upper_bound":2.6180069733,"R2":0.7142890798,"R2_lower_bound":0.33849186,"R2_upper_bound":0.9186409324,"m":1.8505172194,"m_lower_bound":1.1122558735,"m_upper_bound":2.5898514451,"kendall_tau":0.696969697,"kendall_tau_lower_bound":0.3220338983,"kendall_tau_upper_bound":0.9677419355},"EE\/Openff-2.0\/TIP3P\/MD-EE\/WL_RL.02_L.01\/corrected":{"sid":"17","RMSE":2.9607150037,"RMSE_lower_bound":2.0774880022,"RMSE_upper_bound":3.9102134829,"MAE":2.61,"MAE_lower_bound":1.7594042085,"MAE_upper_bound":3.5479987121,"ME":2.0766666667,"ME_lower_bound":0.7870800983,"ME_upper_bound":3.3103382547,"R2":0.5442897609,"R2_lower_bound":0.0388643109,"R2_upper_bound":0.8847312256,"m":1.2694356349,"m_lower_bound":0.2585118994,"m_upper_bound":2.0285453892,"kendall_tau":0.4848484848,"kendall_tau_lower_bound":-0.1333333333,"kendall_tau_upper_bound":0.9},"APR\/OFF1.2.0\/TIP3P\/MD-US\/MBAR":{"sid":"19","RMSE":3.1305563936,"RMSE_lower_bound":1.6193218495,"RMSE_upper_bound":4.9852304267,"MAE":2.245,"MAE_lower_bound":1.2670850485,"MAE_upper_bound":3.9163694335,"ME":1.5033333333,"ME_lower_bound":-0.1683492502,"ME_upper_bound":3.342092152,"R2":0.0926116727,"R2_lower_bound":0.0002998852,"R2_upper_bound":0.7061947015,"m":0.4653324678,"m_lower_bound":-0.887350615,"m_upper_bound":1.4367605976,"kendall_tau":0.2121212121,"kendall_tau_lower_bound":-0.3898305085,"kendall_tau_upper_bound":0.7},"vDSSB\/GAFF2\/OPC3\/HREM":{"sid":"2","RMSE":3.7457353528,"RMSE_lower_bound":2.5728168099,"RMSE_upper_bound":5.8619833288,"MAE":3.3916666667,"MAE_lower_bound":2.0420144178,"MAE_upper_bound":5.2265260229,"ME":3.13,"ME_lower_bound":1.1301003361,"ME_upper_bound":5.0322323742,"R2":0.4399381928,"R2_lower_bound":0.0021242343,"R2_upper_bound":0.8317020022,"m":1.030075348,"m_lower_bound":-0.3489971689,"m_upper_bound":2.0773232321,"kendall_tau":0.442760992,"kendall_tau_lower_bound":-0.25,"kendall_tau_upper_bound":0.8387096774},"APR\/OFF2.0.0\/TIP3P\/MD-US\/MBAR":{"sid":"20","RMSE":3.8149497594,"RMSE_lower_bound":2.0311155853,"RMSE_upper_bound":5.9102398739,"MAE":2.8941666667,"MAE_lower_bound":1.6524904078,"MAE_upper_bound":4.7371552298,"ME":2.7508333333,"ME_lower_bound":1.1591526036,"ME_upper_bound":4.6085879058,"R2":0.1080568852,"R2_lower_bound":0.0002908024,"R2_upper_bound":0.7771891327,"m":0.4883971521,"m_lower_bound":-1.024393556,"m_upper_bound":1.4226422062,"kendall_tau":0.2121212121,"kendall_tau_lower_bound":-0.4193548387,"kendall_tau_upper_bound":0.7419354839},"APR\/GAFF2\/TIP3P\/MD-US\/MBAR":{"sid":"18","RMSE":6.6638208509,"RMSE_lower_bound":5.3427064436,"RMSE_upper_bound":8.0317790578,"MAE":6.1741666667,"MAE_lower_bound":4.6015328459,"MAE_upper_bound":7.7345258988,"ME":6.0958333333,"ME_lower_bound":4.3144228096,"ME_upper_bound":7.7243268838,"R2":0.0827488742,"R2_lower_bound":0.0002549472,"R2_upper_bound":0.6989232441,"m":0.4227017794,"m_lower_bound":-0.9570176726,"m_upper_bound":1.2039689218,"kendall_tau":0.2727272727,"kendall_tau_lower_bound":-0.3571428571,"kendall_tau_upper_bound":0.737704918}}